image,image_path,elapsed_s,phase,packets,time,lat,lon,alt_m,speed,heading,velocity_down,pressure,temperature,violet,blue,green,yellow,orange,red,brightness_mean,contrast_std,sharpness_edge_var,saturation_mean,clipped_high_fraction,clipped_low_fraction,width_px,height_px,phash,sample_reason,sampling_raw_count,segment_id,spatial_block,split,image_url,assignment_type
img_002742.jpg,frames/launching/img_002742.jpg,2742,Launching,2541.0,2542.0,36.9276,-111.452,1368.48,,14.3367,,12.5313,25.99,4613.95,8867.98,4880.17,5707.09,5122.28,6168.54,0.4497910439968109,0.2312411963939666,0.0115393605083227,0.1970438659191131,0.0404369212962962,0.0012876157407407,1280,1080,9a56e49ba66b4562,first,21216,seg_0000,822:-1984,train,https://raw.githubusercontent.com/ZShamsi987/canyonbench-data/main/frames/launching/img_002742.jpg,production
img_002802.jpg,frames/launching/img_002802.jpg,2802,Launching,2601.0,2602.0,36.9277,-111.452,1692.86,,5.84995,,12.0813,25.85,8553.33,11116.3,9031.44,8508.84,8636.2,11228.7,0.426616758108139,0.2391699850559234,0.0231788828969001,0.2798288762569427,0.0080598958333333,0.0048451967592592,1280,1080,d5357047690bce78,perceptual,21216,seg_0000,822:-1984,train,https://raw.githubusercontent.com/ZShamsi987/canyonbench-data/main/frames/launching/img_002802.jpg,production
img_002862.jpg,frames/launching/img_002862.jpg,2862,Launching,2661.0,2662.0,36.9285,-111.451,2008.85,,131.526,,11.657,25.21,5212.9,5843.75,5508.4,5112.44,5815.21,5443.89,0.4548569023609161,0.2128874957561493,0.0364666171371936,0.3021218180656433,0.0056474247685185,0.0044068287037037,1280,1080,db7421b02fd89c66,perceptual,21216,seg_0000,822:-1984,train,https://raw.githubusercontent.com/ZShamsi987/canyonbench-data/main/frames/launching/img_002862.jpg,production
img_002922.jpg,frames/launching/img_002922.jpg,2922,Launching,2721.0,2722.0,36.9296,-111.448,2333.78,,-167.131,,11.2268,22.53,5408.55,6485.36,6314.69,5833.34,6295.0,5865.85,0.4787046015262604,0.157519519329071,0.0344663001596927,0.2316620051860809,0.0008579282407407,0.0014561631944444,1280,1080,d2e6e896649cd2b8,perceptual,21216,seg_0000,822:-1984,train,https://raw.githubusercontent.com/ZShamsi987/canyonbench-data/main/frames/launching/img_002922.jpg,production
img_002982.jpg,frames/launching/img_002982.jpg,2982,Launching,2781.0,2782.0,36.9301,-111.442,2656.47,,-165.761,,10.8167,20.48,5899.47,6771.49,7124.3,5984.83,7004.92,6784.04,0.4973537027835846,0.1323599219322204,0.0311891958117485,0.1609762758016586,8.608217592592592e-05,0.0005671296296296,1280,1080,ddd22b88d6817c6c,distance+perceptual,21216,seg_0000,822:-1984,train,https://raw.githubusercontent.com/ZShamsi987/canyonbench-data/main/frames/launching/img_002982.jpg,production
img_003042.jpg,frames/launching/img_003042.jpg,3042,Launching,2841.0,2842.0,36.9303,-111.437,2991.13,,146.444,,10.4068,18.2,7317.02,8086.61,8614.57,7708.71,8800.94,8025.18,0.4987296462059021,0.1245748177170753,0.032898087054491,0.1909403949975967,4.4126157407407405e-05,0.0002683738425925,1280,1080,d18db863063c37ba,perceptual,21216,seg_0000,822:-1984,train,https://raw.githubusercontent.com/ZShamsi987/canyonbench-data/main/frames/launching/img_003042.jpg,production
img_003102.jpg,frames/launching/img_003102.jpg,3102,Launching,2901.0,2902.0,36.9317,-111.432,3325.94,,-96.5557,,10.0076,15.02,7019.35,7721.24,7441.33,6902.49,8753.38,8242.35,0.4910007119178772,0.1616951376199722,0.0326770469546318,0.2235085070133209,0.000109230324074,0.000577980324074,1280,1080,d5d53c9a0f8c64b2,perceptual,21216,seg_0000,822:-1984,train,https://raw.githubusercontent.com/ZShamsi987/canyonbench-data/main/frames/launching/img_003102.jpg,calibration
img_003162.jpg,frames/launching/img_003162.jpg,3162,Launching,2961.0,2962.0,36.9332,-111.427,3661.63,,-37.204,,9.61915,11.92,6440.8,6432.53,6778.16,5739.31,6872.44,6115.66,0.4630345702171325,0.1484211683273315,0.0326815582811832,0.2274173349142074,0.0002517361111111,0.0011508969907407,1280,1080,f9e28fc08dd819f0,perceptual,21216,seg_0000,822:-1984,train,https://raw.githubusercontent.com/ZShamsi987/canyonbench-data/main/frames/launching/img_003162.jpg,production
img_003222.jpg,frames/launching/img_003222.jpg,3222,Launching,3021.0,3022.0,36.9345,-111.423,3986.34,,-33.7285,,9.24549,10.36,6072.31,7223.8,6590.94,6070.15,6886.88,6475.73,0.4657087326049804,0.1480697244405746,0.0293080024421215,0.2402650564908981,0.0003226273148148,0.0006662326388888,1280,1080,d5eae045c4c4cf8e,perceptual,21216,seg_0000,822:-1983,train,https://raw.githubusercontent.com/ZShamsi987/canyonbench-data/main/frames/launching/img_003222.jpg,production
img_003282.jpg,frames/launching/img_003282.jpg,3282,Launching,3081.0,3082.0,36.9345,-111.421,4311.05,,-69.4901,,8.89241,7.36,6159.93,7553.96,6772.33,6393.16,7120.4,6601.76,0.4823485016822815,0.1482412070035934,0.0284576192498207,0.2314951866865158,0.0004542824074074,0.0004955150462962,1280,1080,d5e9d3859ad50872,perceptual,21216,seg_0000,822:-1983,train,https://raw.githubusercontent.com/ZShamsi987/canyonbench-data/main/frames/launching/img_003282.jpg,production
img_003342.jpg,frames/launching/img_003342.jpg,3342,Launching,3141.0,3142.0,36.9345,-111.418,4637.94,,-173.019,,8.54673,4.01,6311.17,7344.86,7296.54,6517.67,7227.4,6817.8,0.5287265181541443,0.1220423355698585,0.0240308810025453,0.1802958697080612,0.0001012731481481,0.0002322048611111,1280,1080,9c4e63dc03b946b9,perceptual,21216,seg_0001,822:-1983,train,https://raw.githubusercontent.com/ZShamsi987/canyonbench-data/main/frames/launching/img_003342.jpg,production
img_003402.jpg,frames/launching/img_003402.jpg,3402,Launching,3201.0,3202.0,36.9346,-111.415,4943.05,,-44.927,,8.22628,2.13,6601.64,7846.7,7224.15,6802.37,7856.65,7460.31,0.4786188006401062,0.1496706455945968,0.0244000870734453,0.2593260109424591,0.0001439525462962,0.0002018229166666,1280,1080,cb6bb5d42aa9548a,perceptual,21216,seg_0001,822:-1983,train,https://raw.githubusercontent.com/ZShamsi987/canyonbench-data/main/frames/launching/img_003402.jpg,production
img_003462.jpg,frames/launching/img_003462.jpg,3462,Launching,3261.0,3262.0,36.9337,-111.411,5265.24,,-10.8491,,7.90569,-1.95,7109.37,7732.25,7747.54,6893.79,7913.54,6924.7,0.4896619915962219,0.1243632584810257,0.0198946669697761,0.2237863093614578,5.208333333333334e-05,9.186921296296296e-05,1280,1080,e5f26a636c627162,perceptual,21216,seg_0001,822:-1983,train,https://raw.githubusercontent.com/ZShamsi987/canyonbench-data/main/frames/launching/img_003462.jpg,production
img_003522.jpg,frames/launching/img_003522.jpg,3522,Launching,3321.0,3322.0,36.9326,-111.407,5581.72,,36.7613,,7.598,-3.06,9598.79,11244.0,10905.3,9763.44,9522.75,9009.76,0.5106176137924194,0.1107187643647193,0.0190465357154607,0.205805167555809,4.9189814814814815e-05,2.6765046296296297e-05,1280,1080,d47c86da4b25c6c9,perceptual,21216,seg_0001,822:-1983,train,https://raw.githubusercontent.com/ZShamsi987/canyonbench-data/main/frames/launching/img_003522.jpg,qualification
img_003582.jpg,frames/launching/img_003582.jpg,3582,Launching,3381.0,3382.0,36.9319,-111.402,5883.6,,85.972,,7.30713,-6.34,13648.6,15323.6,14020.6,12724.5,13164.9,13696.4,0.4872151613235473,0.1083321049809455,0.0194762963801622,0.2186409533023834,5.3530092592592594e-05,3.7615740740740744e-05,1280,1080,d73f686187cec490,perceptual,21216,seg_0001,822:-1983,train,https://raw.githubusercontent.com/ZShamsi987/canyonbench-data/main/frames/launching/img_003582.jpg,production
img_003642.jpg,frames/launching/img_003642.jpg,3642,Launching,3441.0,3442.0,36.9327,-111.397,6204.71,,143.165,,7.01481,-8.65,7348.23,9283.98,8459.8,8170.15,8386.54,7851.89,0.5245726108551025,0.1082154363393783,0.0185746736824512,0.1878470033407211,2.0978009259259258e-05,7.233796296296296e-05,1280,1080,8060fe05fd597f03,perceptual,21216,seg_0001,822:-1983,train,https://raw.githubusercontent.com/ZShamsi987/canyonbench-data/main/frames/launching/img_003642.jpg,production
img_003702.jpg,frames/launching/img_003702.jpg,3702,Launching,3501.0,3502.0,36.9353,-111.389,6536.95,,91.5591,,6.72147,-12.45,14312.4,16884.2,13855.0,12672.3,13360.2,13326.2,0.4979694783687591,0.1039051860570907,0.0187681298702955,0.2026970535516739,4.267939814814815e-05,2.4594907407407408e-05,1280,1080,d760471d7364c993,distance+perceptual,21216,seg_0001,822:-1983,train,https://raw.githubusercontent.com/ZShamsi987/canyonbench-data/main/frames/launching/img_003702.jpg,production
img_003762.jpg,frames/launching/img_003762.jpg,3762,Launching,3561.0,3562.0,36.9384,-111.382,6880.89,,112.556,,6.42567,-14.41,12906.8,17289.1,13053.7,11866.1,12422.7,14874.5,0.5225297212600708,0.0970982834696769,0.0167991016060113,0.1931457221508026,3.1105324074074076e-05,8.680555555555556e-06,1280,1080,dc270e589366ce35,distance+perceptual,21216,seg_0001,822:-1983,train,https://raw.githubusercontent.com/ZShamsi987/canyonbench-data/main/frames/launching/img_003762.jpg,production
img_003822.jpg,frames/launching/img_003822.jpg,3822,Launching,3621.0,3622.0,36.9427,-111.373,7212.59,,-152.304,,6.14597,-16.96,7483.87,8560.93,7785.81,7363.06,8612.42,7871.02,0.5432437062263489,0.1309474408626556,0.0194629393517971,0.2336017042398452,0.0004694733796296,2.242476851851852e-05,1280,1080,c69b3649caa4a55b,distance+perceptual,21216,seg_0001,822:-1982,train,https://raw.githubusercontent.com/ZShamsi987/canyonbench-data/main/frames/launching/img_003822.jpg,production
img_003882.jpg,frames/launching/img_003882.jpg,3882,Launching,3681.0,3682.0,36.9461,-111.361,7539.69,,-45.127,,5.88598,-19.33,7415.45,6983.89,7417.2,6381.84,7317.41,6092.03,0.4766058623790741,0.1520848274230957,0.0262474454939365,0.2774520218372345,0.0004079861111111,0.0001005497685185,1280,1080,e6b35ca319330d47,distance+perceptual,21216,seg_0001,822:-1982,train,https://raw.githubusercontent.com/ZShamsi987/canyonbench-data/main/frames/launching/img_003882.jpg,calibration
img_003942.jpg,frames/launching/img_003942.jpg,3942,Launching,3741.0,3742.0,36.9492,-111.349,7853.87,,-13.197,,5.64064,-20.41,7124.97,7506.64,8067.89,6695.28,6998.97,6057.14,0.4758775532245636,0.1585632264614105,0.0289043672382831,0.3019349873065948,0.0006315104166666,7.8125e-05,1280,1080,ec89c6f43f874131,distance+perceptual,21216,seg_0002,822:-1982,train,https://raw.githubusercontent.com/ZShamsi987/canyonbench-data/main/frames/launching/img_003942.jpg,production
img_004002.jpg,frames/launching/img_004002.jpg,4002,Launching,3801.0,3802.0,36.9491,-111.334,8170.94,,-119.793,,5.40603,-21.94,7296.62,7117.05,6917.12,6145.9,7671.53,6779.54,0.530519425868988,0.1654133200645446,0.0254567004740238,0.2894149720668793,0.0011942997685185,3.5445601851851854e-05,1280,1080,d8cb8979878cb546,distance+perceptual,21216,seg_0002,822:-1981,train,https://raw.githubusercontent.com/ZShamsi987/canyonbench-data/main/frames/launching/img_004002.jpg,production
img_004062.jpg,frames/launching/img_004062.jpg,4062,Launching,3861.0,3862.0,36.9485,-111.317,8491.27,,-153.481,,5.17911,-21.54,7033.75,7425.2,7355.62,6494.16,7537.35,6844.81,0.5519963502883911,0.167914941906929,0.0262987948954105,0.2853496670722961,0.001484375,3.833912037037037e-05,1280,1080,86a1f97e9ed16026,distance+perceptual,21216,seg_0002,822:-1981,train,https://raw.githubusercontent.com/ZShamsi987/canyonbench-data/main/frames/launching/img_004062.jpg,production
img_004122.jpg,frames/launching/img_004122.jpg,4122,Launching,3921.0,3922.0,36.9462,-111.298,8817.66,,-96.5484,,4.95494,-25.84,7834.35,8885.59,8210.17,7539.8,8327.94,7549.21,0.5124553442001343,0.1313577145338058,0.0202874820679426,0.2434974908828735,0.0004615162037037,4.774305555555556e-05,1280,1080,d5b959e160051f1f,distance+perceptual,21216,seg_0002,822:-1981,train,https://raw.githubusercontent.com/ZShamsi987/canyonbench-data/main/frames/launching/img_004122.jpg,production
img_004182.jpg,frames/launching/img_004182.jpg,4182,Launching,3981.0,3982.0,36.9425,-111.277,9138.13,,-100.275,,4.74005,-28.42,8018.0,8516.91,8285.06,7436.2,8744.04,7828.27,0.5203317403793335,0.1220659092068672,0.0205583833158016,0.2421850115060806,0.000187355324074,2.3148148148148147e-05,1280,1080,d5bf7f14221035c9,distance+perceptual,21216,seg_0002,822:-1981,train,https://raw.githubusercontent.com/ZShamsi987/canyonbench-data/main/frames/launching/img_004182.jpg,production
img_004242.jpg,frames/launching/img_004242.jpg,4242,Launching,4041.0,4042.0,36.9383,-111.253,9468.74,,-45.0531,,4.52849,-30.53,6860.91,6191.52,6350.46,5280.47,6099.69,5079.31,0.4501901566982269,0.1730705052614212,0.028817618265748,0.3846581578254699,0.0001866319444444,7.30613425925926e-05,1280,1080,f4e38eb861eec888,distance+perceptual,21216,seg_0002,822:-1980,train,https://raw.githubusercontent.com/ZShamsi987/canyonbench-data/main/frames/launching/img_004242.jpg,production
img_004302.jpg,frames/launching/img_004302.jpg,4302,Launching,4101.0,4102.0,36.9353,-111.231,9810.64,,43.5852,,4.3181,-32.35,11791.7,12010.0,11298.9,10101.3,11005.4,10471.4,0.5010225772857666,0.1405787616968155,0.0271933544427156,0.2680426836013794,0.0002756076388888,3.1105324074074076e-05,1280,1080,d1fc0f30fc03be28,distance+perceptual,21216,seg_0002,822:-1980,train,https://raw.githubusercontent.com/ZShamsi987/canyonbench-data/main/frames/launching/img_004302.jpg,production
img_004362.jpg,frames/launching/img_004362.jpg,4362,Launching,4161.0,4162.0,36.9329,-111.209,10159.3,,116.153,,4.10785,-35.6,13156.5,15007.8,13749.4,12088.9,12887.2,14988.1,0.4862662851810455,0.1454114317893982,0.0347660928964614,0.2731894850730896,0.00017578125,9.403935185185184e-05,1280,1080,d445231ae5bc2ed3,distance+perceptual,21216,seg_0002,822:-1980,train,https://raw.githubusercontent.com/ZShamsi987/canyonbench-data/main/frames/launching/img_004362.jpg,production
img_004422.jpg,frames/launching/img_004422.jpg,4422,Launching,4221.0,4222.0,36.9323,-111.186,10519.7,,138.416,,3.9005,-38.54,9147.48,10919.3,9820.26,9653.74,10156.2,9132.41,0.5052395462989807,0.1332657188177108,0.0316726379096508,0.2520536184310913,0.0001056134259259,5.931712962962963e-05,1280,1080,8216738d4bc6cdd3,distance+perceptual,21216,seg_0003,822:-1979,test,https://raw.githubusercontent.com/ZShamsi987/canyonbench-data/main/frames/launching/img_004422.jpg,qualification
img_004482.jpg,frames/launching/img_004482.jpg,4482,Launching,4281.0,4282.0,36.9337,-111.164,10885.3,,88.3891,,3.69953,-40.0,16372.1,18970.7,15073.2,14243.8,15262.4,14723.7,0.4827072620391845,0.1527413427829742,0.0368606969714164,0.3000047206878662,0.0001085069444444,9.403935185185184e-05,1280,1080,d5431d127bb56474,distance+perceptual,21216,seg_0003,822:-1979,test,https://raw.githubusercontent.com/ZShamsi987/canyonbench-data/main/frames/launching/img_004482.jpg,calibration
img_004542.jpg,frames/launching/img_004542.jpg,4542,Launching,4341.0,4342.0,36.9359,-111.14,11257.2,,0.406876,,3.50334,-45.49,9680.41,9113.39,10838.7,8712.57,9504.06,7808.01,0.4290854334831238,0.1893855035305023,0.0436302684247493,0.4274183809757232,0.0001598668981481,0.0002633101851851,1280,1080,c30f61b0f0f07e2e,distance+perceptual,21216,seg_0004,822:-1978,train,https://raw.githubusercontent.com/ZShamsi987/canyonbench-data/main/frames/launching/img_004542.jpg,production
img_004602.jpg,frames/launching/img_004602.jpg,4602,Launching,4401.0,4402.0,36.9349,-111.117,11623.4,,-10.391,,3.31557,-47.3,8925.42,8479.5,9281.9,7484.08,8608.17,7491.82,0.405134916305542,0.1911150962114334,0.0398725196719169,0.4776113033294678,0.0002235243055555,0.0002741608796296,1280,1080,c46038db79bd7918,distance+perceptual,21216,seg_0004,822:-1978,train,https://raw.githubusercontent.com/ZShamsi987/canyonbench-data/main/frames/launching/img_004602.jpg,production
img_004662.jpg,frames/launching/img_004662.jpg,4662,Launching,4461.0,4462.0,36.9331,-111.094,11997.7,,23.7519,,3.13432,-50.18,10706.7,11360.7,11912.1,10239.7,10106.1,9320.33,0.4060559570789337,0.1838098168373108,0.043353259563446,0.482642650604248,0.0001938657407407,0.0001750578703703,1280,1080,de2e2581d3d0787c,distance+perceptual,21216,seg_0004,822:-1978,train,https://raw.githubusercontent.com/ZShamsi987/canyonbench-data/main/frames/launching/img_004662.jpg,production
img_004722.jpg,frames/launching/img_004722.jpg,4722,Launching,4521.0,4522.0,36.9314,-111.071,12380.2,,103.168,,2.95814,-50.28,14102.3,19552.9,13948.2,13549.0,13839.1,15484.4,0.4856680035591125,0.18933966755867,0.0523238219320774,0.3675766885280609,0.0003682002314814,0.0001208043981481,1280,1080,d30f99130b4f7d30,distance+perceptual,21216,seg_0004,822:-1977,train,https://raw.githubusercontent.com/ZShamsi987/canyonbench-data/main/frames/launching/img_004722.jpg,production
img_004782.jpg,frames/launching/img_004782.jpg,4782,Launching,4581.0,4582.0,36.93,-111.047,12776.7,,147.778,,2.78458,-53.5,7647.11,9959.7,7599.42,8188.44,9054.84,8276.11,0.5156462788581848,0.188090369105339,0.0511059798300266,0.3426556289196014,0.00041015625,0.0001323784722222,1280,1080,807b0dce2e00ffd3,distance+perceptual,21216,seg_0004,822:-1977,train,https://raw.githubusercontent.com/ZShamsi987/canyonbench-data/main/frames/launching/img_004782.jpg,production
img_004842.jpg,frames/launching/img_004842.jpg,4842,Launching,4641.0,4642.0,36.9279,-111.024,13162.0,,175.733,,2.62015,-53.95,6660.46,7935.84,6308.03,6158.09,7944.96,7986.92,0.5224981307983398,0.1899395287036895,0.0456513203680515,0.3591851890087127,0.0004224537037037,6.799768518518518e-05,1280,1080,82e17f837ce7600e,distance+perceptual,21216,seg_0004,822:-1976,train,https://raw.githubusercontent.com/ZShamsi987/canyonbench-data/main/frames/launching/img_004842.jpg,calibration
img_004902.jpg,frames/launching/img_004902.jpg,4902,Launching,4701.0,4702.0,36.9259,-111.001,13535.5,,174.939,,2.47138,-57.03,6958.13,7209.5,7601.09,6405.35,7358.18,6877.44,0.5251095294952393,0.1897726058959961,0.0449345745146274,0.3676809072494507,0.000357349537037,3.255208333333333e-05,1280,1080,9ecf709c430cf714,distance+perceptual,21216,seg_0004,822:-1976,train,https://raw.githubusercontent.com/ZShamsi987/canyonbench-data/main/frames/launching/img_004902.jpg,production
img_004962.jpg,frames/launching/img_004962.jpg,4962,Launching,4761.0,4762.0,36.9255,-110.98,13891.0,,176.66,,2.33667,-58.85,7983.19,7853.3,8592.93,7491.05,8158.11,6811.05,0.5330004096031189,0.1917072981595993,0.0456791259348392,0.3660962283611297,0.0003725405092592,2.4594907407407408e-05,1280,1080,b18946b34ca3e53d,distance+perceptual,21216,seg_0004,822:-1976,train,https://raw.githubusercontent.com/ZShamsi987/canyonbench-data/main/frames/launching/img_004962.jpg,production
img_005022.jpg,frames/launching/img_005022.jpg,5022,Launching,4821.0,4822.0,36.9272,-110.96,14249.2,,166.828,,2.20617,-61.57,7998.79,9419.34,8562.14,8525.38,9173.73,8037.56,0.5297242403030396,0.1905036121606826,0.0457073561847209,0.3680089116096496,0.0003472222222222,4.050925925925926e-05,1280,1080,a49a59f659a4c933,distance+perceptual,21216,seg_0005,822:-1975,validation,https://raw.githubusercontent.com/ZShamsi987/canyonbench-data/main/frames/launching/img_005022.jpg,production
img_005084.jpg,frames/launching/img_005084.jpg,5084,Launching,4883.0,4884.0,36.9282,-110.938,14616.7,,31.5976,,2.07248,-62.44,9861.66,10804.9,11376.3,9898.39,9311.3,8650.81,0.4266784191131592,0.1528549790382385,0.0394433885812759,0.4253340661525726,0.0001793981481481,6.655092592592593e-05,1280,1080,dc23b78c6c27c037,distance+perceptual,21216,seg_0005,822:-1975,validation,https://raw.githubusercontent.com/ZShamsi987/canyonbench-data/main/frames/launching/img_005084.jpg,production
img_005144.jpg,frames/launching/img_005144.jpg,5144,Launching,4943.0,4944.0,36.9304,-110.918,14968.1,,-175.091,,1.95895,-63.16,7392.64,8489.4,7378.92,7097.52,8361.91,7776.5,0.538898766040802,0.1834466457366943,0.0452793091535568,0.3400170803070068,0.0004065393518518,2.9658564814814815e-05,1280,1080,9aa11503ecfc82df,distance+perceptual,21216,seg_0006,822:-1975,validation,https://raw.githubusercontent.com/ZShamsi987/canyonbench-data/main/frames/launching/img_005144.jpg,production
img_005204.jpg,frames/launching/img_005204.jpg,5204,Launching,5003.0,5004.0,36.9339,-110.899,15312.8,,-66.6793,,1.85092,-66.82,7663.91,7290.94,7566.97,6739.68,7789.56,6879.69,0.4616493880748749,0.1744690835475921,0.0318148545920848,0.4407358467578888,0.0003761574074074,5.063657407407407e-06,1280,1080,dbe8a0b3a2827e56,distance+perceptual,21216,seg_0007,822:-1974,train,https://raw.githubusercontent.com/ZShamsi987/canyonbench-data/main/frames/launching/img_005204.jpg,production
img_005264.jpg,frames/launching/img_005264.jpg,5264,Launching,5063.0,5064.0,36.9386,-110.88,15669.5,,-26.4044,,1.74623,-67.53,7411.85,7513.24,7678.47,6822.39,7850.7,7082.23,0.4580163955688476,0.1223704442381858,0.0185830853879451,0.3664411902427673,0.0001215277777777,5.787037037037037e-06,1280,1080,cd6e73286bf0b910,distance+perceptual,21216,seg_0007,822:-1974,train,https://raw.githubusercontent.com/ZShamsi987/canyonbench-data/main/frames/launching/img_005264.jpg,production
img_005324.jpg,frames/launching/img_005324.jpg,5324,Launching,5123.0,5124.0,36.9413,-110.862,16038.0,,5.91831,,1.64473,-68.05,7528.28,7625.49,8080.37,7181.1,8104.61,7076.61,0.4239414632320404,0.0875820145010948,0.0114924302324652,0.3392816185951233,3.90625e-05,3.616898148148148e-06,1280,1080,d11b228f07691b6f,distance+perceptual,21216,seg_0008,822:-1973,validation,https://raw.githubusercontent.com/ZShamsi987/canyonbench-data/main/frames/launching/img_005324.jpg,calibration
img_005384.jpg,frames/launching/img_005384.jpg,5384,Launching,5183.0,5184.0,36.9424,-110.843,16398.2,,152.733,,1.55092,-67.16,7835.55,8457.49,8771.0,8223.26,8584.39,7353.42,0.5174761414527893,0.1385437697172165,0.0342542305588722,0.2855484783649444,9.620949074074074e-05,1.3020833333333334e-05,1280,1080,a31d4df625791235,distance+perceptual,21216,seg_0008,822:-1973,validation,https://raw.githubusercontent.com/ZShamsi987/canyonbench-data/main/frames/launching/img_005384.jpg,production
img_005444.jpg,frames/launching/img_005444.jpg,5444,Launching,5243.0,5244.0,36.9418,-110.829,16746.5,,-78.5344,,1.46377,-66.46,7953.18,7803.78,8349.96,7547.64,8721.96,7407.43,0.4425399303436279,0.1200659945607185,0.0149563020095229,0.3817345201969147,0.000109230324074,5.063657407407407e-06,1280,1080,caee28b436be3aa0,distance+perceptual,21216,seg_0008,822:-1973,validation,https://raw.githubusercontent.com/ZShamsi987/canyonbench-data/main/frames/launching/img_005444.jpg,production
img_005504.jpg,frames/launching/img_005504.jpg,5504,Launching,5303.0,5304.0,36.9412,-110.82,17080.7,,35.8603,,1.38649,-66.22,10291.4,10479.1,11925.4,10367.7,10140.9,9054.77,0.4327830672264099,0.0920988917350769,0.0112419528886675,0.3602246642112732,5.787037037037037e-06,7.233796296296296e-07,1280,1080,d2163a79b1087de9,distance+perceptual,21216,seg_0009,822:-1972,train,https://raw.githubusercontent.com/ZShamsi987/canyonbench-data/main/frames/launching/img_005504.jpg,production
img_005564.jpg,frames/launching/img_005564.jpg,5564,Launching,5363.0,5364.0,36.9407,-110.816,17464.3,,46.5376,,1.30224,-68.36,12816.8,11600.6,13276.7,11476.9,11126.9,9940.33,0.4458838701248169,0.1013449877500534,0.0143327936530113,0.3353133499622345,6.510416666666667e-06,0.0,1280,1080,d31b36795835b852,perceptual,21216,seg_0009,822:-1972,train,https://raw.githubusercontent.com/ZShamsi987/canyonbench-data/main/frames/launching/img_005564.jpg,qualification
img_005624.jpg,frames/launching/img_005624.jpg,5624,Launching,5423.0,5424.0,36.939,-110.814,17838.6,,37.3288,,1.2251,-63.75,10616.6,10800.5,12415.5,10823.0,10411.0,9410.34,0.4334305822849273,0.0970322862267494,0.0126945916563272,0.368536114692688,5.063657407407407e-06,0.0,1280,1080,df13396cb00c76ac,perceptual,21216,seg_0009,822:-1972,train,https://raw.githubusercontent.com/ZShamsi987/canyonbench-data/main/frames/launching/img_005624.jpg,production
img_005684.jpg,frames/launching/img_005684.jpg,5684,Launching,5483.0,5484.0,36.9387,-110.816,18189.2,,-136.601,,1.15681,-66.11,7833.15,8190.06,8520.54,7922.89,9280.73,8008.3,0.5353555679321289,0.1366990059614181,0.0272479634732007,0.2997485995292663,0.000148292824074,6.510416666666667e-06,1280,1080,8bad7f9c05d64630,perceptual,21216,seg_0009,822:-1972,train,https://raw.githubusercontent.com/ZShamsi987/canyonbench-data/main/frames/launching/img_005684.jpg,production
img_005744.jpg,frames/launching/img_005744.jpg,5744,Launching,5543.0,5544.0,36.9407,-110.814,18500.3,,-163.259,,1.1004,-62.03,7668.71,8409.06,8453.97,7959.46,9137.21,8051.06,0.5457475781440735,0.1226079985499382,0.0286533329635858,0.262857437133789,0.0001302083333333,1.4467592592592592e-06,1280,1080,82a672cd6d867696,perceptual,21216,seg_0010,822:-1972,train,https://raw.githubusercontent.com/ZShamsi987/canyonbench-data/main/frames/launching/img_005744.jpg,production
img_005804.jpg,frames/launching/img_005804.jpg,5804,Launching,5603.0,5604.0,36.9422,-110.812,18802.9,,-104.572,,1.04893,-57.39,8254.46,8150.44,8622.05,7879.36,9341.87,7944.16,0.4856946766376495,0.1286858767271042,0.0187348909676074,0.3613142073154449,0.0001511863425925,2.170138888888889e-06,1280,1080,cacaada2a39da4a9,perceptual,21216,seg_0010,822:-1972,train,https://raw.githubusercontent.com/ZShamsi987/canyonbench-data/main/frames/launching/img_005804.jpg,production
img_005864.jpg,frames/launching/img_005864.jpg,5864,Launching,5663.0,5664.0,36.9445,-110.811,19113.2,,-77.3857,,0.99963,-61.12,8374.48,8073.41,8679.47,7752.24,9155.9,7742.75,0.4742403626441955,0.117323413491249,0.016784880310297,0.3464901149272918,0.0001251446759259,2.8935185185185184e-06,1280,1080,ebec2ea82631962b,perceptual,21216,seg_0010,822:-1972,train,https://raw.githubusercontent.com/ZShamsi987/canyonbench-data/main/frames/launching/img_005864.jpg,production
img_005924.jpg,frames/launching/img_005924.jpg,5924,Launching,5723.0,5724.0,36.949,-110.809,19454.5,,81.8319,,0.94685,-58.35,15275.0,17483.9,15445.1,14458.0,14105.8,14552.7,0.4765818119049072,0.113644503057003,0.0204063672572374,0.3303014636039734,1.3744212962962965e-05,1.4467592592592592e-06,1280,1080,c40d2f53535662ee,distance+perceptual,21216,seg_0010,822:-1972,train,https://raw.githubusercontent.com/ZShamsi987/canyonbench-data/main/frames/launching/img_005924.jpg,production
img_005984.jpg,frames/launching/img_005984.jpg,5984,Launching,5783.0,5784.0,36.9514,-110.804,19825.6,,-141.911,,0.893925,-59.78,8022.8,8115.23,8428.18,7926.37,9435.28,8165.84,0.5313636660575867,0.1349859237670898,0.0251551307737827,0.3137274086475372,0.0001743344907407,0.0,1280,1080,cab46bd288dda8d4,distance+perceptual,21216,seg_0010,822:-1972,train,https://raw.githubusercontent.com/ZShamsi987/canyonbench-data/main/frames/launching/img_005984.jpg,calibration
img_006044.jpg,frames/launching/img_006044.jpg,6044,Launching,5843.0,5844.0,36.9504,-110.805,20204.5,,-48.8338,,0.842885,-59.19,8367.29,7788.37,8761.84,7619.9,9070.13,7684.23,0.4729763567447662,0.1048387214541435,0.0167378187179565,0.3193520903587341,0.0001200810185185,1.4467592592592592e-06,1280,1080,fcac7222bb671232,perceptual,21216,seg_0010,822:-1972,train,https://raw.githubusercontent.com/ZShamsi987/canyonbench-data/main/frames/launching/img_006044.jpg,production
img_006104.jpg,frames/launching/img_006104.jpg,6104,Launching,5903.0,5904.0,36.9502,-110.808,20577.6,,85.006,,0.79605,-59.15,15365.0,17224.2,15535.0,14351.8,14071.0,14063.2,0.483147919178009,0.1183566153049469,0.0228516198694705,0.3340493738651275,1.953125e-05,0.0,1280,1080,d644b5485b7a722b,perceptual,21216,seg_0010,822:-1972,train,https://raw.githubusercontent.com/ZShamsi987/canyonbench-data/main/frames/launching/img_006104.jpg,production
img_006164.jpg,frames/launching/img_006164.jpg,6164,Launching,5963.0,5964.0,36.9492,-110.808,20936.1,,52.7761,,0.752405,-57.64,14542.8,12895.9,14626.4,12792.4,12227.4,10949.7,0.4648498892784118,0.1159567162394523,0.0197022799402475,0.3600815236568451,1.3020833333333334e-05,2.170138888888889e-06,1280,1080,d4041b72a571daf9,perceptual,21216,seg_0010,822:-1972,train,https://raw.githubusercontent.com/ZShamsi987/canyonbench-data/main/frames/launching/img_006164.jpg,production
img_006224.jpg,frames/launching/img_006224.jpg,6224,Launching,6023.0,6024.0,36.9472,-110.809,21293.1,,-33.745,,0.71253,-59.3,8595.34,8030.49,9212.0,7928.11,9215.34,7777.63,0.4684493839740753,0.1048084422945976,0.0167162511497735,0.3257623612880707,0.0001085069444444,7.233796296296296e-06,1280,1080,d7bf0b32194e0c2d,perceptual,21216,seg_0010,822:-1972,train,https://raw.githubusercontent.com/ZShamsi987/canyonbench-data/main/frames/launching/img_006224.jpg,production
img_006284.jpg,frames/launching/img_006284.jpg,6284,Launching,6083.0,6084.0,36.9447,-110.812,21643.0,,-135.128,,0.67541,-56.5,8478.91,8417.87,9008.97,8298.14,9873.46,8438.14,0.548346996307373,0.1443671584129333,0.0278972312808036,0.314894825220108,0.0002748842592592,1.4467592592592592e-06,1280,1080,ca952742d5d5d4aa,perceptual,21216,seg_0010,822:-1972,train,https://raw.githubusercontent.com/ZShamsi987/canyonbench-data/main/frames/launching/img_006284.jpg,production
img_006344.jpg,frames/launching/img_006344.jpg,6344,Launching,6143.0,6144.0,36.9408,-110.819,21960.3,,30.1376,,0.6438,-57.1,10703.1,10655.2,12333.1,10756.8,10815.2,9435.1,0.4621503055095672,0.1109566017985344,0.0162008740007877,0.3476793169975281,1.1574074074074072e-05,7.233796296296296e-07,1280,1080,d10b2dec850d4eb7,distance+perceptual,21216,seg_0011,822:-1972,train,https://raw.githubusercontent.com/ZShamsi987/canyonbench-data/main/frames/launching/img_006344.jpg,production
img_006404.jpg,frames/launching/img_006404.jpg,6404,Launching,6203.0,6204.0,36.9394,-110.824,22333.9,,119.36,,0.60842,-53.57,14296.8,20157.1,14656.3,14116.7,13877.4,16315.9,0.4700522720813751,0.1266425549983978,0.0321307033300399,0.3013780415058136,2.9658564814814815e-05,4.484953703703704e-05,1280,1080,f86c6c761a33e149,perceptual,21216,seg_0012,822:-1973,validation,https://raw.githubusercontent.com/ZShamsi987/canyonbench-data/main/frames/launching/img_006404.jpg,qualification
img_006464.jpg,frames/launching/img_006464.jpg,6464,Launching,6263.0,6264.0,36.9391,-110.831,22679.0,,-52.5161,,0.57739,-52.03,8956.63,8778.84,9414.2,8427.86,9710.41,8271.61,0.4870394766330719,0.1158864051103591,0.0184523854404687,0.3277134299278259,0.0001743344907407,1.4467592592592592e-06,1280,1080,e1b036bb359588cd,distance+perceptual,21216,seg_0012,822:-1973,validation,https://raw.githubusercontent.com/ZShamsi987/canyonbench-data/main/frames/launching/img_006464.jpg,production
img_006524.jpg,frames/launching/img_006524.jpg,6524,Launching,6323.0,6324.0,36.9387,-110.835,22983.2,,163.344,,0.551435,-49.79,8520.92,9737.39,9663.82,9033.84,9781.75,8685.7,0.5194644927978516,0.1349110007286071,0.0355844087898731,0.2549504339694977,3.5445601851851854e-05,2.9658564814814815e-05,1280,1080,830e44bb0c7d1f6e,perceptual,21216,seg_0012,822:-1973,validation,https://raw.githubusercontent.com/ZShamsi987/canyonbench-data/main/frames/launching/img_006524.jpg,production
img_006584.jpg,frames/launching/img_006584.jpg,6584,Launching,6383.0,6384.0,36.9397,-110.839,23305.7,,68.5346,,0.525915,-51.1,15792.3,13731.2,15084.0,13320.0,13196.3,11774.5,0.4911113679409027,0.1263010650873184,0.0263116564601659,0.3236875236034393,7.233796296296296e-05,3.616898148148148e-06,1280,1080,dd461f6a062e2774,perceptual,21216,seg_0012,822:-1973,validation,https://raw.githubusercontent.com/ZShamsi987/canyonbench-data/main/frames/launching/img_006584.jpg,calibration
img_006644.jpg,frames/launching/img_006644.jpg,6644,Launching,6443.0,6444.0,36.9382,-110.843,23648.4,,49.1873,,0.500105,-52.15,11683.7,12113.4,13487.3,11860.0,11794.3,10644.7,0.4772424399852752,0.1214460432529449,0.0216424986720085,0.3357684910297394,3.7615740740740744e-05,3.616898148148148e-06,1280,1080,d1183a7d6d0a978d,perceptual,21216,seg_0012,822:-1973,validation,https://raw.githubusercontent.com/ZShamsi987/canyonbench-data/main/frames/launching/img_006644.jpg,production
img_006704.jpg,frames/launching/img_006704.jpg,6704,Launching,6503.0,6504.0,36.9361,-110.849,23895.5,,-38.2374,,0.481545,-41.6,9031.05,9003.34,9548.16,8583.71,9777.5,8462.9,0.423096239566803,0.1071297079324722,0.01778344810009,0.3417786657810211,5.570023148148148e-05,3.978587962962963e-05,1280,1080,f13337938b89c6c4,distance+perceptual,21216,seg_0012,822:-1973,validation,https://raw.githubusercontent.com/ZShamsi987/canyonbench-data/main/frames/launching/img_006704.jpg,production
img_006764.jpg,frames/launching/img_006764.jpg,6764,Launching,6563.0,6564.0,36.9333,-110.856,23854.4,,-100.349,,0.4843,-35.16,9218.3,8863.58,9653.01,8780.48,10171.5,8594.55,0.486171156167984,0.1624345630407333,0.0347980670630931,0.3345252275466919,0.00025390625,4.050925925925926e-05,1280,1080,e997924a0af1dcd8,distance+perceptual,21216,seg_0012,822:-1973,validation,https://raw.githubusercontent.com/ZShamsi987/canyonbench-data/main/frames/launching/img_006764.jpg,production
img_006824.jpg,frames/floating/img_006824.jpg,6824,Floating,6623.0,6624.0,36.9303,-110.862,23799.9,,-108.91,,0.48836,-31.0,9286.71,8973.63,9667.15,8845.78,10400.8,8901.74,0.5038262009620667,0.1653490662574768,0.0358514077961444,0.3184810578823089,0.0002039930555555,2.748842592592593e-05,1280,1080,e897524ba9e9a82d,distance+perceptual,21216,seg_0013,822:-1974,train,https://raw.githubusercontent.com/ZShamsi987/canyonbench-data/main/frames/floating/img_006824.jpg,production
img_006884.jpg,frames/floating/img_006884.jpg,6884,Floating,6683.0,6684.0,36.9275,-110.868,23841.8,,-112.491,,0.48546,-28.76,9339.53,8992.34,9693.78,8848.39,10496.8,9014.26,0.5134048461914062,0.1660214513540268,0.0371320210397243,0.3077388107776642,0.0002589699074074,3.472222222222222e-05,1280,1080,c8974bcb29e8a555,distance+perceptual,21216,seg_0013,822:-1974,train,https://raw.githubusercontent.com/ZShamsi987/canyonbench-data/main/frames/floating/img_006884.jpg,production
img_006944.jpg,frames/floating/img_006944.jpg,6944,Floating,6743.0,6744.0,36.9243,-110.873,23900.9,,-113.768,,0.481255,-30.06,9436.75,9115.6,9721.24,8898.89,10612.2,9162.79,0.5170301795005798,0.1661655008792877,0.0379736311733722,0.3051735758781433,0.0002336516203703,4.6296296296296294e-05,1280,1080,ca976b8b61e03517,distance+perceptual,21216,seg_0013,822:-1974,train,https://raw.githubusercontent.com/ZShamsi987/canyonbench-data/main/frames/floating/img_006944.jpg,production
img_007004.jpg,frames/floating/img_007004.jpg,7004,Floating,6803.0,6804.0,36.9213,-110.879,23914.4,,-113.769,,0.48024,-28.77,9605.99,9300.48,9803.61,8999.01,10762.6,9347.33,0.5212878584861755,0.1665083765983581,0.0393940210342407,0.3011815249919891,0.0002408854166666,6.872106481481482e-05,1280,1080,cb976bab61a03552,distance,21216,seg_0013,822:-1974,train,https://raw.githubusercontent.com/ZShamsi987/canyonbench-data/main/frames/floating/img_007004.jpg,production
img_007064.jpg,frames/floating/img_007064.jpg,7064,Floating,6863.0,6864.0,36.9185,-110.886,23911.9,,-127.601,,0.48053,-30.06,9692.41,9638.34,9912.62,9147.02,11056.4,9812.05,0.5528303384780884,0.1596986651420593,0.0425926856696605,0.2619056403636932,0.0002141203703703,7.450810185185185e-05,1280,1080,84926fb5f59a89d0,distance+perceptual,21216,seg_0013,821:-1974,train,https://raw.githubusercontent.com/ZShamsi987/canyonbench-data/main/frames/floating/img_007064.jpg,production
img_007124.jpg,frames/floating/img_007124.jpg,7124,Floating,6923.0,6924.0,36.9156,-110.892,23899.0,,-138.798,,0.48111,-29.68,9736.82,10013.6,9993.33,9282.84,11263.6,10140.6,0.5718796849250793,0.1569281220436096,0.0437998883426189,0.2415661662817001,0.0002076099537037,8.680555555555556e-05,1280,1080,948aad95cb0d6ed4,distance+perceptual,21216,seg_0013,821:-1974,train,https://raw.githubusercontent.com/ZShamsi987/canyonbench-data/main/frames/floating/img_007124.jpg,production
img_007184.jpg,frames/floating/img_007184.jpg,7184,Floating,6983.0,6984.0,36.9125,-110.898,23906.6,,-145.276,,0.480675,-29.48,9795.64,10337.2,10047.4,9403.86,11420.7,10340.9,0.5798704028129578,0.1567238420248031,0.0444140918552875,0.2342212349176406,0.0002170138888888,6.872106481481482e-05,1280,1080,94a9b5924d0ef4b6,distance+perceptual,21216,seg_0013,821:-1975,train,https://raw.githubusercontent.com/ZShamsi987/canyonbench-data/main/frames/floating/img_007184.jpg,production
img_007244.jpg,frames/floating/img_007244.jpg,7244,Floating,7043.0,7044.0,36.9096,-110.904,23948.7,,-156.257,,0.47792,-39.5,9948.08,11022.8,10172.2,9681.6,11690.7,10675.1,0.5881085395812988,0.1558315902948379,0.044875543564558,0.2280367314815521,0.0002133969907407,6.221064814814815e-05,1280,1080,98ad52496eb6516b,distance+perceptual,21216,seg_0013,821:-1975,train,https://raw.githubusercontent.com/ZShamsi987/canyonbench-data/main/frames/floating/img_007244.jpg,calibration
img_007304.jpg,frames/floating/img_007304.jpg,7304,Floating,7103.0,7104.0,36.9071,-110.91,23949.2,,-166.974,,0.477775,-24.36,10095.7,11607.2,10355.3,10052.5,11920.8,10882.2,0.5946817398071289,0.1551349610090255,0.0450411438941955,0.2346704751253128,0.0001945891203703,4.557291666666667e-05,1280,1080,88a75be4560be587,distance+perceptual,21216,seg_0013,821:-1975,train,https://raw.githubusercontent.com/ZShamsi987/canyonbench-data/main/frames/floating/img_007304.jpg,production
img_007364.jpg,frames/floating/img_007364.jpg,7364,Floating,7163.0,7164.0,36.9046,-110.916,23922.0,,-166.173,,0.47966,-23.85,10277.0,11771.1,10480.9,10249.3,12107.7,10977.8,0.6014592051506042,0.1538300365209579,0.0446983911097049,0.230198934674263,0.0001895254629629,3.472222222222222e-05,1280,1080,88b74be453c9b583,distance+perceptual,21216,seg_0013,821:-1975,train,https://raw.githubusercontent.com/ZShamsi987/canyonbench-data/main/frames/floating/img_007364.jpg,production
img_007424.jpg,frames/floating/img_007424.jpg,7424,Floating,7223.0,7224.0,36.902,-110.923,23929.0,,-173.574,,0.479225,-32.12,10329.8,11982.4,10651.5,10466.1,12162.9,10993.6,0.6046252846717834,0.1505021303892135,0.0433155186474323,0.2253377437591552,0.0001627604166666,6.510416666666667e-05,1280,1080,8c936cf649e6cb05,distance+perceptual,21216,seg_0014,821:-1975,train,https://raw.githubusercontent.com/ZShamsi987/canyonbench-data/main/frames/floating/img_007424.jpg,production
img_007484.jpg,frames/floating/img_007484.jpg,7484,Floating,7283.0,7284.0,36.8996,-110.929,23954.1,,166.138,,0.477485,-26.34,10322.6,12227.9,11016.8,10699.4,12069.4,10990.2,0.5975707769393921,0.1432318538427353,0.0403098873794078,0.2194782346487045,0.0001164641203703,3.399884259259259e-05,1280,1080,9b5c66dc03277e11,distance+perceptual,21216,seg_0015,821:-1976,test,https://raw.githubusercontent.com/ZShamsi987/canyonbench-data/main/frames/floating/img_007484.jpg,production
img_007544.jpg,frames/floating/img_007544.jpg,7544,Floating,7343.0,7344.0,36.8976,-110.935,23964.2,,129.554,,0.476905,-18.25,13628.2,18083.7,14901.0,14395.3,14436.1,17029.3,0.5718754529953003,0.1361475586891174,0.0385558903217315,0.220483124256134,9.25925925925926e-05,2.5318287037037036e-05,1280,1080,9533c85776113cce,distance+perceptual,21216,seg_0015,821:-1976,test,https://raw.githubusercontent.com/ZShamsi987/canyonbench-data/main/frames/floating/img_007544.jpg,production
img_007604.jpg,frames/floating/img_007604.jpg,7604,Floating,7403.0,7404.0,36.8955,-110.941,23970.8,,88.437,,0.47647,-23.89,17477.6,21271.9,17969.7,16887.1,16464.8,17247.6,0.5315085649490356,0.1452593952417373,0.0403412245213985,0.2414706349372863,9.765625e-05,4.991319444444445e-05,1280,1080,c56d42766afe0439,distance+perceptual,21216,seg_0015,821:-1976,test,https://raw.githubusercontent.com/ZShamsi987/canyonbench-data/main/frames/floating/img_007604.jpg,production
img_007664.jpg,frames/floating/img_007664.jpg,7664,Floating,7463.0,7464.0,36.8934,-110.947,23960.1,,60.3736,,0.47676,-25.46,14395.2,15153.0,16285.6,14444.0,13851.0,12491.2,0.5015273094177246,0.1544760465621948,0.0438234843313694,0.2718093991279602,0.0001048900462962,8.391203703703703e-05,1280,1080,d1506f2fd0e6e02b,distance+perceptual,21216,seg_0015,821:-1976,test,https://raw.githubusercontent.com/ZShamsi987/canyonbench-data/main/frames/floating/img_007664.jpg,production
img_007724.jpg,frames/floating/img_007724.jpg,7724,Floating,7523.0,7524.0,36.8912,-110.953,23957.0,,45.9604,,0.477195,-20.87,13100.1,13406.5,15217.2,13020.5,12877.0,11223.1,0.4859550297260284,0.1554030776023864,0.0435896217823028,0.2815156579017639,0.0001265914351851,0.0001142939814814,1280,1080,d702ad4aa643d755,distance+perceptual,21216,seg_0015,821:-1976,test,https://raw.githubusercontent.com/ZShamsi987/canyonbench-data/main/frames/floating/img_007724.jpg,production
img_007784.jpg,frames/floating/img_007784.jpg,7784,Floating,7583.0,7584.0,36.889,-110.96,23984.9,,32.5951,,0.47531,-23.56,11822.9,11525.7,13592.9,10952.7,11853.8,10012.3,0.4836390018463135,0.1550205200910568,0.043091956526041,0.2765218317508697,0.0001540798611111,0.0001309317129629,1280,1080,df2c99908cc65f31,distance+perceptual,21216,seg_0015,821:-1976,test,https://raw.githubusercontent.com/ZShamsi987/canyonbench-data/main/frames/floating/img_007784.jpg,calibration
img_007844.jpg,frames/floating/img_007844.jpg,7844,Floating,7643.0,7644.0,36.8868,-110.966,24020.0,,11.1134,,0.472555,-25.91,11720.9,10960.1,12518.7,10294.5,11824.9,9965.09,0.4888903498649597,0.1565736532211303,0.0402769558131694,0.2789608538150787,0.000122974537037,9.548611111111112e-05,1280,1080,d0e06b6f6c6127cc,distance+perceptual,21216,seg_0016,821:-1977,train,https://raw.githubusercontent.com/ZShamsi987/canyonbench-data/main/frames/floating/img_007844.jpg,production
img_007904.jpg,frames/floating/img_007904.jpg,7904,Floating,7703.0,7704.0,36.8846,-110.973,23985.6,,-7.44896,,0.47502,-24.98,12162.6,11192.3,12438.0,10467.8,12272.4,10640.2,0.4998922049999237,0.1749552488327026,0.0451141148805618,0.313319057226181,0.0001851851851851,9.765625e-05,1280,1080,dfde28a8a08d3db0,distance+perceptual,21216,seg_0016,821:-1977,train,https://raw.githubusercontent.com/ZShamsi987/canyonbench-data/main/frames/floating/img_007904.jpg,production
img_007964.jpg,frames/floating/img_007964.jpg,7964,Floating,7763.0,7764.0,36.8823,-110.979,23910.8,,-15.6187,,0.48024,-24.12,12378.7,11479.5,12531.2,10660.2,12494.9,10814.6,0.522408664226532,0.1774901300668716,0.0470132045447826,0.2955747246742248,0.0002076099537037,0.0001099537037037,1280,1080,d4b8a0e7665574c5,distance+perceptual,21216,seg_0016,821:-1977,train,https://raw.githubusercontent.com/ZShamsi987/canyonbench-data/main/frames/floating/img_007964.jpg,production
img_008024.jpg,frames/floating/img_008024.jpg,8024,Floating,7823.0,7824.0,36.8796,-110.986,23900.2,,-25.9269,,0.48111,-27.61,12669.2,11782.2,12585.3,10805.6,12910.1,10936.2,0.5396514534950256,0.1798969656229019,0.0459888018667697,0.2930638194084167,0.0002567997685185,6.655092592592593e-05,1280,1080,d5ab474c98b195a5,distance+perceptual,21216,seg_0017,821:-1977,train,https://raw.githubusercontent.com/ZShamsi987/canyonbench-data/main/frames/floating/img_008024.jpg,production
img_008084.jpg,frames/floating/img_008084.jpg,8084,Floating,7883.0,7884.0,36.8771,-110.993,23963.6,,-41.6042,,0.47676,-27.23,12796.4,11796.5,12610.2,11013.7,13380.6,11370.5,0.5734454393386841,0.1721817702054977,0.0452072359621524,0.2634913623332977,0.0002285879629629,6.36574074074074e-05,1280,1080,d0c849b373ce9a3a,distance+perceptual,21216,seg_0017,821:-1977,train,https://raw.githubusercontent.com/ZShamsi987/canyonbench-data/main/frames/floating/img_008084.jpg,production
img_008144.jpg,frames/floating/img_008144.jpg,8144,Floating,7943.0,7944.0,36.8749,-110.999,24024.0,,-39.1081,,0.472555,-26.48,12948.8,11876.8,12809.9,11170.4,13510.5,11448.1,0.5750201940536499,0.1719072312116623,0.045095257461071,0.2605514824390411,0.0002307581018518,5.787037037037037e-05,1280,1080,d0c859b352cababa,distance,21216,seg_0017,820:-1977,train,https://raw.githubusercontent.com/ZShamsi987/canyonbench-data/main/frames/floating/img_008144.jpg,production
img_008204.jpg,frames/floating/img_008204.jpg,8204,Floating,8003.0,8004.0,36.8728,-111.006,24051.0,,-8.21761,,0.470815,-23.84,13088.1,12023.2,13187.7,11297.5,13193.8,11063.3,0.5425492525100708,0.1739969253540039,0.0476485639810562,0.2727397978305816,0.000220630787037,7.016782407407407e-05,1280,1080,d1f32e6c49794b18,distance+perceptual,21216,seg_0018,820:-1978,validation,https://raw.githubusercontent.com/ZShamsi987/canyonbench-data/main/frames/floating/img_008204.jpg,production
img_008264.jpg,frames/floating/img_008264.jpg,8264,Floating,8063.0,8064.0,36.8707,-111.012,23967.1,,15.88,,0.47618,-22.96,12924.8,12067.2,13450.6,11436.0,12978.1,10900.2,0.5171070694923401,0.1700712442398071,0.0445701703429222,0.2838737070560455,0.0001569733796296,6.293402777777778e-05,1280,1080,dc5e5f434e4861c6,distance+perceptual,21216,seg_0018,820:-1978,validation,https://raw.githubusercontent.com/ZShamsi987/canyonbench-data/main/frames/floating/img_008264.jpg,production
img_008324.jpg,frames/floating/img_008324.jpg,8324,Floating,8123.0,8124.0,36.8681,-111.019,23867.0,,8.61181,,0.48372,-21.11,12953.6,12435.9,13610.4,11630.1,13081.7,11013.8,0.5219173431396484,0.1633395105600357,0.0455990023910999,0.26462122797966,0.0001208043981481,0.0001005497685185,1280,1080,d72e07c142d0d87f,distance+perceptual,21216,seg_0018,820:-1978,validation,https://raw.githubusercontent.com/ZShamsi987/canyonbench-data/main/frames/floating/img_008324.jpg,production
img_008384.jpg,frames/floating/img_008384.jpg,8384,Floating,8183.0,8184.0,36.8654,-111.026,23872.9,,-8.30185,,0.483285,-40.86,13065.3,12583.3,13656.2,11710.2,13200.6,11187.1,0.5257568359375,0.1636998057365417,0.0458359234035015,0.2634679973125458,0.0001576967592592,9.04224537037037e-05,1280,1080,d63e0fc34711c077,distance+perceptual,21216,seg_0018,820:-1978,validation,https://raw.githubusercontent.com/ZShamsi987/canyonbench-data/main/frames/floating/img_008384.jpg,production
img_008444.jpg,frames/floating/img_008444.jpg,8444,Floating,8243.0,8244.0,36.8626,-111.033,23940.8,,-24.4274,,0.4785,-29.22,13196.1,12716.5,13657.0,11768.5,13437.5,11432.4,0.5319598317146301,0.1715366691350937,0.046245239675045,0.2706844508647918,0.0001432291666666,8.101851851851852e-05,1280,1080,d1d95cd65c0b670c,distance+perceptual,21216,seg_0018,820:-1978,validation,https://raw.githubusercontent.com/ZShamsi987/canyonbench-data/main/frames/floating/img_008444.jpg,production
img_008504.jpg,frames/floating/img_008504.jpg,8504,Floating,8303.0,8304.0,36.8597,-111.04,23978.5,,-49.4383,,0.476035,-30.52,13353.3,12999.3,13655.3,11900.9,13919.0,11738.5,0.5588550567626953,0.1699807941913604,0.0478858724236488,0.2517340183258056,0.0001475694444444,9.04224537037037e-05,1280,1080,d6e469cb7248daa2,distance+perceptual,21216,seg_0018,820:-1979,validation,https://raw.githubusercontent.com/ZShamsi987/canyonbench-data/main/frames/floating/img_008504.jpg,calibration
img_008564.jpg,frames/floating/img_008564.jpg,8564,Floating,8362.0,8364.0,36.857,-111.047,24007.3,,-76.1259,,0.47386,-25.24,13460.2,13369.1,13656.2,12111.6,14346.1,12467.6,0.587344765663147,0.1676070690155029,0.0433577857911586,0.2406751364469528,0.0001808449074074,3.1105324074074076e-05,1280,1080,c1dbd6ac5b46ac0a,distance+perceptual,21216,seg_0018,820:-1979,validation,https://raw.githubusercontent.com/ZShamsi987/canyonbench-data/main/frames/floating/img_008564.jpg,production
img_008624.jpg,frames/floating/img_008624.jpg,8624,Floating,8421.0,8424.0,36.8543,-111.054,24025.5,,-91.7472,,0.472555,-20.66,13374.9,13631.0,13675.3,12304.9,14399.6,12790.6,0.6111652851104736,0.1601167917251587,0.0392601303756237,0.2250393778085708,0.000181568287037,1.0850694444444443e-05,1280,1080,d39fa449a2cc354d,distance+perceptual,21216,seg_0019,820:-1979,validation,https://raw.githubusercontent.com/ZShamsi987/canyonbench-data/main/frames/floating/img_008624.jpg,production
img_008684.jpg,frames/floating/img_008684.jpg,8684,Floating,8480.0,8484.0,36.8518,-111.061,24022.1,,-103.652,,0.4727,-15.13,13353.3,13831.3,13697.8,12407.6,14482.8,12885.1,0.6327374577522278,0.1510773599147796,0.0367822237312793,0.2019883394241333,0.0002416087962962,1.808449074074074e-05,1280,1080,d0bd6993adab6284,distance+perceptual,21216,seg_0019,820:-1979,validation,https://raw.githubusercontent.com/ZShamsi987/canyonbench-data/main/frames/floating/img_008684.jpg,production
img_008744.jpg,frames/floating/img_008744.jpg,8744,Floating,8538.0,8544.0,36.8492,-111.068,24013.7,,-112.472,,0.473715,-13.09,13359.3,14105.4,13715.2,12487.7,14656.1,12980.7,0.6521263718605042,0.1371813267469406,0.0348156802356243,0.1828240156173706,0.0002647569444444,7.233796296296296e-06,1280,1080,d0be4b966b52a893,distance+perceptual,21216,seg_0019,820:-1979,validation,https://raw.githubusercontent.com/ZShamsi987/canyonbench-data/main/frames/floating/img_008744.jpg,production
img_008805.jpg,frames/floating/img_008805.jpg,8805,Floating,8597.0,8605.0,36.8465,-111.075,24006.6,,-120.258,,0.474295,-12.11,13391.7,14226.4,13724.4,12547.8,14772.4,13088.7,0.6654883623123169,0.1303907483816146,0.034270092844963,0.1775894463062286,0.0002162905092592,7.233796296296296e-06,1280,1080,94ab538e79855173,distance+perceptual,21216,seg_0019,820:-1979,validation,https://raw.githubusercontent.com/ZShamsi987/canyonbench-data/main/frames/floating/img_008805.jpg,production
img_008865.jpg,frames/floating/img_008865.jpg,8865,Floating,8656.0,8665.0,36.8439,-111.082,24016.7,,-126.136,,0.473715,-27.45,13445.8,14338.7,13726.9,12622.6,14842.9,13166.4,0.6720638871192932,0.1252781897783279,0.0328179225325584,0.1728756725788116,0.0002300347222222,4.340277777777778e-06,1280,1080,94b5438d59972aad,distance+perceptual,21216,seg_0020,820:-1980,test,https://raw.githubusercontent.com/ZShamsi987/canyonbench-data/main/frames/floating/img_008865.jpg,production
img_008925.jpg,frames/floating/img_008925.jpg,8925,Floating,8714.0,8725.0,36.8412,-111.089,24044.2,,-137.773,,0.471685,-36.58,13462.6,14543.4,13767.7,12824.6,14933.7,13203.5,0.6800474524497986,0.1194284185767173,0.0301169268786907,0.1626872420310974,0.0002322048611111,7.957175925925925e-06,1280,1080,95af0b1c4b0d5de4,distance+perceptual,21216,seg_0020,820:-1980,test,https://raw.githubusercontent.com/ZShamsi987/canyonbench-data/main/frames/floating/img_008925.jpg,production
img_008986.jpg,frames/floating/img_008986.jpg,8986,Floating,8772.0,8786.0,36.8385,-111.097,24059.4,,-161.477,,0.470525,-15.44,13474.6,14949.4,13934.9,13071.9,15028.9,13327.3,0.6823948621749878,0.1141175553202629,0.0275689717382192,0.159174233675003,0.0002047164351851,7.233796296296296e-06,1280,1080,9099581ddd9e60f6,distance+perceptual,21216,seg_0020,820:-1980,test,https://raw.githubusercontent.com/ZShamsi987/canyonbench-data/main/frames/floating/img_008986.jpg,production
img_009046.jpg,frames/floating/img_009046.jpg,9046,Floating,8830.0,8846.0,36.8356,-111.104,24030.2,,172.376,,0.471975,-12.0,13532.2,15243.3,14128.0,13205.1,15054.3,13266.5,0.6799989342689514,0.1082893162965774,0.0241583101451396,0.1592832207679748,0.0002625868055555,7.957175925925925e-06,1280,1080,931b191ccd0fc1e7,distance+perceptual,21216,seg_0020,820:-1980,test,https://raw.githubusercontent.com/ZShamsi987/canyonbench-data/main/frames/floating/img_009046.jpg,production
img_009106.jpg,frames/floating/img_009106.jpg,9106,Floating,8888.0,8906.0,36.8325,-111.111,23966.1,,149.467,,0.476615,-10.97,13544.2,15323.6,14231.1,13323.5,15017.0,13096.6,0.6759960055351257,0.1048594191670417,0.021841075271368,0.1576559990644455,0.0001765046296296,7.233796296296296e-07,1280,1080,931b194ccf86634f,distance+perceptual,21216,seg_0020,820:-1980,test,https://raw.githubusercontent.com/ZShamsi987/canyonbench-data/main/frames/floating/img_009106.jpg,production
img_009166.jpg,frames/floating/img_009166.jpg,9166,Floating,8945.0,8966.0,36.8292,-111.119,23943.9,,134.69,,0.47879,-8.96,13658.2,15345.6,14522.4,13577.7,15022.1,13052.7,0.6737270951271057,0.1021099761128425,0.0200298447161912,0.1658145189285278,0.0001576967592592,4.340277777777778e-06,1280,1080,931b1c0edf06619f,distance+perceptual,21216,seg_0021,819:-1981,train,https://raw.githubusercontent.com/ZShamsi987/canyonbench-data/main/frames/floating/img_009166.jpg,production
img_009226.jpg,frames/floating/img_009226.jpg,9226,Floating,9002.0,9026.0,36.8258,-111.126,23986.1,,125.588,,0.475455,-27.59,13789.0,15473.3,14688.8,13685.7,15062.8,13201.3,0.6759553551673889,0.1006181836128234,0.0193129088729619,0.1636124849319458,0.0001511863425925,6.510416666666667e-06,1280,1080,931b0c0ecf27698f,distance,21216,seg_0022,819:-1981,train,https://raw.githubusercontent.com/ZShamsi987/canyonbench-data/main/frames/floating/img_009226.jpg,production
img_009287.jpg,frames/floating/img_009287.jpg,9287,Floating,9060.0,9087.0,36.822,-111.134,24027.5,,124.31,,0.473135,-32.22,13915.1,15775.9,14864.4,13810.2,15127.4,13402.7,0.6787194609642029,0.0984992459416389,0.0180901922285556,0.1611054986715316,0.0001048900462962,2.170138888888889e-06,1280,1080,991b4f06c725fd09,distance+perceptual,21216,seg_0022,819:-1981,train,https://raw.githubusercontent.com/ZShamsi987/canyonbench-data/main/frames/floating/img_009287.jpg,production
img_009347.jpg,frames/floating/img_009347.jpg,9347,Floating,9118.0,9147.0,36.8185,-111.141,24040.4,,108.7,,0.471975,-19.6,14091.5,16208.4,15381.9,14215.1,15188.5,13475.8,0.6748706698417664,0.0975166484713554,0.0170536916702985,0.1585323065519333,0.0001128472222222,1.4467592592592592e-06,1280,1080,911a0eae453bdf32,distance+perceptual,21216,seg_0022,819:-1981,train,https://raw.githubusercontent.com/ZShamsi987/canyonbench-data/main/frames/floating/img_009347.jpg,production
img_009407.jpg,frames/floating/img_009407.jpg,9407,Floating,9175.0,9207.0,36.8151,-111.149,24039.8,,98.2443,,0.471975,-9.37,14624.4,16922.7,16188.2,15158.0,15644.5,13919.2,0.673724353313446,0.0965654924511909,0.0166323035955429,0.1558189690113067,0.0001273148148148,2.170138888888889e-06,1280,1080,90370e4f401bfd2f,distance+perceptual,21216,seg_0022,819:-1982,train,https://raw.githubusercontent.com/ZShamsi987/canyonbench-data/main/frames/floating/img_009407.jpg,production
img_009469.jpg,frames/floating/img_009469.jpg,9469,Floating,9234.0,9269.0,36.8114,-111.157,24033.0,,114.325,,0.47241,-13.73,14379.6,16787.3,15901.1,14907.2,15624.1,14032.8,0.6783614754676819,0.0964375957846641,0.0164514575153589,0.1541403830051422,0.0001179108796296,5.063657407407407e-06,1280,1080,981f260f74595a3d,distance+perceptual,21216,seg_0022,819:-1982,train,https://raw.githubusercontent.com/ZShamsi987/canyonbench-data/main/frames/floating/img_009469.jpg,calibration
img_009529.jpg,frames/floating/img_009529.jpg,9529,Floating,9291.0,9329.0,36.8077,-111.165,24034.9,,148.032,,0.47212,-2.98,14171.9,16724.6,15554.1,14679.1,15743.9,14364.8,0.6840999126434326,0.0961693748831749,0.0156944561749696,0.1566589623689651,9.04224537037037e-05,7.233796296296296e-07,1280,1080,9c1d4383f6354e5a,distance+perceptual,21216,seg_0022,819:-1982,train,https://raw.githubusercontent.com/ZShamsi987/canyonbench-data/main/frames/floating/img_009529.jpg,production
img_009589.jpg,frames/floating/img_009589.jpg,9589,Floating,9348.0,9389.0,36.804,-111.172,24051.9,,151.64,,0.471105,-0.12,14248.8,16905.1,15692.3,14858.5,16015.6,14649.4,0.6867066621780396,0.0962292104959487,0.0155793027952313,0.1548952460289001,9.693287037037037e-05,3.616898148148148e-06,1280,1080,8e1c5181f6344f5f,distance+perceptual,21216,seg_0022,819:-1982,train,https://raw.githubusercontent.com/ZShamsi987/canyonbench-data/main/frames/floating/img_009589.jpg,production
img_009650.jpg,frames/floating/img_009650.jpg,9650,Floating,9406.0,9450.0,36.7999,-111.18,24063.6,,146.721,,0.470235,1.26,14473.2,17186.8,15995.2,15077.0,16346.8,14958.9,0.6886824369430542,0.0961226373910904,0.0152758760377764,0.1524150669574737,0.0001222511574074,6.510416666666667e-06,1280,1080,8f0c51a0f33e4b4f,distance+perceptual,21216,seg_0022,819:-1983,train,https://raw.githubusercontent.com/ZShamsi987/canyonbench-data/main/frames/floating/img_009650.jpg,production
img_009710.jpg,frames/floating/img_009710.jpg,9710,Floating,9463.0,9510.0,36.7957,-111.188,24040.6,,141.661,,0.47183,-1.98,14761.3,17382.7,16285.6,15272.0,16719.6,15198.6,0.6911908388137817,0.0963637679815292,0.0152337066829204,0.1499899923801422,0.0001099537037037,2.170138888888889e-06,1280,1080,8f0e50b4713e49cf,distance,21216,seg_0022,819:-1983,train,https://raw.githubusercontent.com/ZShamsi987/canyonbench-data/main/frames/floating/img_009710.jpg,qualification
img_009770.jpg,frames/floating/img_009770.jpg,9770,Floating,9520.0,9570.0,36.7916,-111.196,24008.6,,139.09,,0.47386,-0.3,15010.9,17424.5,16482.8,15408.7,17015.9,15277.3,0.6947662830352783,0.0958323553204536,0.0148704955354332,0.1446956992149353,8.680555555555556e-05,3.616898148148148e-06,1280,1080,850f58f4f81768c7,distance+perceptual,21216,seg_0022,819:-1983,train,https://raw.githubusercontent.com/ZShamsi987/canyonbench-data/main/frames/floating/img_009770.jpg,production
img_009832.jpg,frames/floating/img_009832.jpg,9832,Floating,9578.0,9631.0,36.7878,-111.203,24011.9,,151.828,,0.473715,0.72,15109.4,17120.8,16116.6,15172.8,17074.5,14973.5,0.704301655292511,0.087886743247509,0.013395863585174,0.1386919766664505,7.740162037037038e-05,5.063657407407407e-06,1280,1080,80e07bbfe419d0d9,distance+perceptual,21216,seg_0023,819:-1983,train,https://raw.githubusercontent.com/ZShamsi987/canyonbench-data/main/frames/floating/img_009832.jpg,production
img_009892.jpg,frames/floating/img_009892.jpg,9892,Floating,9635.0,9692.0,36.7841,-111.21,24051.7,,175.036,,0.47096,-23.87,15283.4,16930.4,15828.7,14980.4,17131.4,14750.7,0.7134745121002197,0.0734652429819107,0.0111488290131092,0.1370567679405212,4.7019675925925926e-05,2.8935185185185184e-06,1280,1080,90fe6b0062177cf3,distance+perceptual,21216,seg_0023,818:-1984,train,https://raw.githubusercontent.com/ZShamsi987/canyonbench-data/main/frames/floating/img_009892.jpg,production
img_009952.jpg,frames/floating/img_009952.jpg,9952,Floating,9692.0,9752.0,36.7803,-111.218,24078.4,,-178.12,,0.46893,-14.05,15524.7,16946.9,15953.5,15076.1,17204.5,14754.1,0.713092029094696,0.0673814713954925,0.0100748697295784,0.1230439692735672,4.991319444444445e-05,1.4467592592592592e-06,1280,1080,90ff084c73137cea,distance+perceptual,21216,seg_0023,818:-1984,train,https://raw.githubusercontent.com/ZShamsi987/canyonbench-data/main/frames/floating/img_009952.jpg,production
img_010014.jpg,frames/floating/img_010014.jpg,10014,Floating,9751.0,9814.0,36.7764,-111.225,24054.9,,-179.03,,0.47038,-3.84,15716.7,16878.7,16142.4,15150.1,17214.6,14768.7,0.7146245837211609,0.0625113174319267,0.0089256996288895,0.1201638877391815,4.123263888888889e-05,1.4467592592592592e-06,1280,1080,9afb0c6d301bfc48,distance+perceptual,21216,seg_0023,818:-1984,train,https://raw.githubusercontent.com/ZShamsi987/canyonbench-data/main/frames/floating/img_010014.jpg,production
img_010074.jpg,frames/floating/img_010074.jpg,10074,Floating,9808.0,9874.0,36.7726,-111.232,23999.3,,-170.592,,0.474295,-11.19,15908.8,16880.9,16252.3,15159.7,17191.7,14822.7,0.7153271436691284,0.0599441155791282,0.0083194151520729,0.1199562698602676,2.387152777777778e-05,0.0,1280,1080,9abb0c6f309af690,distance+perceptual,21216,seg_0023,818:-1984,train,https://raw.githubusercontent.com/ZShamsi987/canyonbench-data/main/frames/floating/img_010074.jpg,production
img_010134.jpg,frames/floating/img_010134.jpg,10134,Floating,9865.0,9934.0,36.7692,-111.239,23974.0,,178.343,,0.476325,-23.06,15920.8,16918.3,16460.3,15147.5,17156.1,14834.0,0.714793860912323,0.0559404827654361,0.0073944767937064,0.1154267042875289,2.387152777777778e-05,0.0,1280,1080,9af867f03900efc8,distance+perceptual,21216,seg_0023,818:-1984,train,https://raw.githubusercontent.com/ZShamsi987/canyonbench-data/main/frames/floating/img_010134.jpg,production
img_010196.jpg,frames/floating/img_010196.jpg,10196,Floating,9923.0,9996.0,36.7658,-111.246,24004.6,,148.725,,0.47386,-21.57,15976.0,17500.5,17163.4,15535.0,17301.3,14988.1,0.7127872109413147,0.0533505678176879,0.0069357184693217,0.1114610210061073,4.340277777777778e-06,0.0,1280,1080,917567d840c74e6b,distance+perceptual,21216,seg_0024,818:-1985,test,https://raw.githubusercontent.com/ZShamsi987/canyonbench-data/main/frames/floating/img_010196.jpg,qualification
img_010256.jpg,frames/floating/img_010256.jpg,10256,Floating,9980.0,10056.0,36.7622,-111.253,24018.6,,153.359,,0.47299,-19.65,15998.8,17554.4,17001.1,15456.6,17352.2,15098.4,0.7151272892951965,0.0511458776891231,0.0065710758790373,0.109609305858612,6.510416666666667e-06,0.0,1280,1080,997665dc58c0de62,distance+perceptual,21216,seg_0024,818:-1985,test,https://raw.githubusercontent.com/ZShamsi987/canyonbench-data/main/frames/floating/img_010256.jpg,production
img_010316.jpg,frames/floating/img_010316.jpg,10316,Floating,10037.0,10116.0,36.7585,-111.26,24037.0,,151.541,,0.471685,-7.71,15992.8,17751.4,17002.0,15560.2,17461.8,15281.8,0.7162718176841736,0.0500459782779216,0.0063678855076432,0.1082602068781852,3.616898148148148e-06,0.0,1280,1080,995661df7ac0c362,distance+perceptual,21216,seg_0024,818:-1985,test,https://raw.githubusercontent.com/ZShamsi987/canyonbench-data/main/frames/floating/img_010316.jpg,production
img_010378.jpg,frames/floating/img_010378.jpg,10378,Floating,10095.0,10178.0,36.7545,-111.268,24054.5,,120.54,,0.470815,-6.8,17269.9,19510.0,18752.7,17554.9,18449.4,16284.4,0.7108374834060669,0.0560639612376689,0.0068724625743925,0.1060839295387268,2.8935185185185184e-06,0.0,1280,1080,d57749da6ec0050f,distance+perceptual,21216,seg_0024,818:-1985,test,https://raw.githubusercontent.com/ZShamsi987/canyonbench-data/main/frames/floating/img_010378.jpg,production
img_010438.jpg,frames/floating/img_010438.jpg,10438,Floating,10152.0,10238.0,36.7505,-111.275,24060.3,,85.2762,,0.470235,-9.85,22818.9,26003.1,23396.5,21990.8,22821.8,22637.5,0.701842725276947,0.0677526891231536,0.0085270758718252,0.1041993424296379,1.5190972222222222e-05,0.0,1280,1080,d50bc11d07073f1f,distance+perceptual,21216,seg_0025,818:-1986,train,https://raw.githubusercontent.com/ZShamsi987/canyonbench-data/main/frames/floating/img_010438.jpg,production
img_010498.jpg,frames/floating/img_010498.jpg,10498,Floating,10209.0,10298.0,36.7466,-111.283,24056.4,,56.4695,,0.470525,-14.15,17664.8,19433.0,20013.3,18092.0,18486.7,16242.8,0.6811808347702026,0.0910737365484237,0.0119996163994073,0.1099228933453559,3.255208333333333e-05,1.4467592592592592e-06,1280,1080,d419413e3b3b383b,distance+perceptual,21216,seg_0025,818:-1986,train,https://raw.githubusercontent.com/ZShamsi987/canyonbench-data/main/frames/floating/img_010498.jpg,production
img_010560.jpg,frames/floating/img_010560.jpg,10560,Floating,10268.0,10360.0,36.7422,-111.29,24045.3,,39.3177,,0.47096,-14.69,16410.5,17694.1,18676.1,16322.9,17359.9,15021.9,0.6650856137275696,0.1013711988925933,0.0131972189992666,0.1212665140628814,2.3148148148148147e-05,7.233796296296296e-07,1280,1080,d44d682c32f3db19,distance+perceptual,21216,seg_0025,818:-1986,train,https://raw.githubusercontent.com/ZShamsi987/canyonbench-data/main/frames/floating/img_010560.jpg,production
img_010620.jpg,frames/floating/img_010620.jpg,10620,Floating,10324.0,10420.0,36.7381,-111.298,24032.0,,30.395,,0.471975,-15.0,16198.0,17136.2,18118.6,15842.3,17087.3,14674.2,0.6623685956001282,0.1010317355394363,0.0129958996549248,0.1235511377453804,2.5318287037037036e-05,0.0,1280,1080,d4496735b2929bb1,distance+perceptual,21216,seg_0025,817:-1986,train,https://raw.githubusercontent.com/ZShamsi987/canyonbench-data/main/frames/floating/img_010620.jpg,calibration
img_010680.jpg,frames/floating/img_010680.jpg,10680,Floating,10381.0,10480.0,36.7342,-111.305,24033.9,,23.5514,,0.472265,-23.21,16392.5,17045.9,18127.0,15860.6,17157.8,14637.1,0.6612756848335266,0.1009296327829361,0.0130224749445915,0.1263893544673919,9.403935185185186e-06,7.233796296296296e-07,1280,1080,d44965b516ca4b5b,distance+perceptual,21216,seg_0025,817:-1986,train,https://raw.githubusercontent.com/ZShamsi987/canyonbench-data/main/frames/floating/img_010680.jpg,production
img_010741.jpg,frames/floating/img_010741.jpg,10741,Floating,10439.0,10541.0,36.7302,-111.313,24061.8,,19.3577,,0.470235,-35.16,16594.1,17130.7,18248.4,15995.5,17298.7,14738.3,0.6621426343917847,0.1002885922789573,0.0130346845835447,0.1265183985233307,9.403935185185186e-06,2.8935185185185184e-06,1280,1080,d54b2cb4144a5beb,distance+perceptual,21216,seg_0026,817:-1987,test,https://raw.githubusercontent.com/ZShamsi987/canyonbench-data/main/frames/floating/img_010741.jpg,production
img_010801.jpg,frames/floating/img_010801.jpg,10801,Floating,10496.0,10601.0,36.7264,-111.32,24077.5,,11.2384,,0.469075,-29.21,16745.4,17181.3,18356.6,16086.1,17495.7,14763.1,0.6607661843299866,0.1039754375815391,0.0144506553187966,0.1311179548501968,1.808449074074074e-05,7.233796296296296e-07,1280,1080,d64a2df5529a2e45,distance+perceptual,21216,seg_0026,817:-1987,test,https://raw.githubusercontent.com/ZShamsi987/canyonbench-data/main/frames/floating/img_010801.jpg,calibration
img_010861.jpg,frames/floating/img_010861.jpg,10861,Floating,10552.0,10661.0,36.7227,-111.328,24052.8,,-5.87591,,0.47067,-17.7,16834.2,17266.0,18434.8,16170.5,17725.0,14928.5,0.6618627309799194,0.1037899255752563,0.014566914178431,0.1349889039993286,1.736111111111111e-05,0.0,1280,1080,d42b35f2aa4d3aa4,distance+perceptual,21216,seg_0026,817:-1987,test,https://raw.githubusercontent.com/ZShamsi987/canyonbench-data/main/frames/floating/img_010861.jpg,production
img_010923.jpg,frames/floating/img_010923.jpg,10923,Floating,10611.0,10723.0,36.7187,-111.336,24025.4,,-46.9496,,0.47241,-13.03,16913.4,17475.1,18473.1,16268.0,17917.8,15101.8,0.665809154510498,0.0965205356478691,0.0134565774351358,0.1353244632482528,1.0127314814814816e-05,7.233796296296296e-07,1280,1080,d4ad76e659b55440,distance+perceptual,21216,seg_0026,817:-1987,test,https://raw.githubusercontent.com/ZShamsi987/canyonbench-data/main/frames/floating/img_010923.jpg,production
img_010983.jpg,frames/floating/img_010983.jpg,10983,Floating,10668.0,10783.0,36.7148,-111.343,24017.8,,-60.0233,,0.472845,-10.82,16894.2,17739.3,18493.1,16389.1,18034.1,15306.6,0.6681785583496094,0.0919907763600349,0.0125977667048573,0.1332556307315826,1.2297453703703704e-05,0.0,1280,1080,d5ad74c05b714ac3,distance+perceptual,21216,seg_0027,817:-1988,validation,https://raw.githubusercontent.com/ZShamsi987/canyonbench-data/main/frames/floating/img_010983.jpg,production
img_011043.jpg,frames/floating/img_011043.jpg,11043,Floating,10724.0,10843.0,36.711,-111.351,24021.3,,-62.8928,,0.472555,-12.97,16893.0,17977.0,18493.1,16471.8,18072.3,15482.1,0.6704645156860352,0.0888401195406913,0.0118161393329501,0.1279212385416031,5.787037037037037e-06,0.0,1280,1080,d7b975c152624387,distance+perceptual,21216,seg_0028,817:-1988,validation,https://raw.githubusercontent.com/ZShamsi987/canyonbench-data/main/frames/floating/img_011043.jpg,production
img_011104.jpg,frames/floating/img_011104.jpg,11104,Floating,10781.0,10904.0,36.707,-111.358,24038.0,,-68.2961,,0.47154,-21.33,16867.8,18084.8,18463.1,16508.3,18068.9,15517.0,0.6744655966758728,0.0852265134453773,0.0106814866885542,0.1257878988981247,1.8807870370370372e-05,0.0,1280,1080,d7bb44c236cd862c,distance+perceptual,21216,seg_0028,817:-1988,validation,https://raw.githubusercontent.com/ZShamsi987/canyonbench-data/main/frames/floating/img_011104.jpg,qualification
img_011164.jpg,frames/floating/img_011164.jpg,11164,Floating,10838.0,10964.0,36.7032,-111.366,24044.6,,-86.8647,,0.47096,-22.01,16894.2,17942.9,18437.3,16470.0,18075.7,15378.6,0.6877653002738953,0.0779970809817314,0.0090145906433463,0.1242538541555404,3.1105324074074076e-05,0.0,1280,1080,dcb9c58e78d421a6,distance+perceptual,21216,seg_0028,817:-1988,validation,https://raw.githubusercontent.com/ZShamsi987/canyonbench-data/main/frames/floating/img_011164.jpg,production
img_011224.jpg,frames/floating/img_011224.jpg,11224,Floating,10894.0,11024.0,36.6995,-111.374,24035.0,,-112.052,,0.471685,-15.39,17053.8,17522.5,18429.8,16379.5,18380.6,15526.0,0.7041445374488831,0.0777017995715141,0.0088139595463871,0.1191976368427276,4.7019675925925926e-05,0.0,1280,1080,c2b5c51de6d11d43,distance+perceptual,21216,seg_0029,817:-1989,train,https://raw.githubusercontent.com/ZShamsi987/canyonbench-data/main/frames/floating/img_011224.jpg,production
img_011284.jpg,frames/floating/img_011284.jpg,11284,Floating,10950.0,11084.0,36.6958,-111.381,24022.8,,-130.107,,0.4727,-6.68,17172.7,17336.5,18389.1,16302.9,18699.9,15904.1,0.7210924029350281,0.0746663734316825,0.0075982403941452,0.1128599941730499,4.7019675925925926e-05,0.0,1280,1080,c29dd916f30a35d8,distance+perceptual,21216,seg_0029,816:-1989,train,https://raw.githubusercontent.com/ZShamsi987/canyonbench-data/main/frames/floating/img_011284.jpg,production
img_011344.jpg,frames/floating/img_011344.jpg,11344,Floating,11006.0,11144.0,36.6921,-111.389,24028.0,,-147.81,,0.472265,-16.6,17221.9,17388.2,18320.8,16278.5,19037.8,16470.1,0.7371151447296143,0.0696904063224792,0.0065461080521345,0.1011669039726257,5.642361111111111e-05,0.0,1280,1080,c29572836a1aed3e,distance+perceptual,21216,seg_0029,816:-1989,train,https://raw.githubusercontent.com/ZShamsi987/canyonbench-data/main/frames/floating/img_011344.jpg,production
img_011404.jpg,frames/floating/img_011404.jpg,11404,Floating,11062.0,11204.0,36.6882,-111.397,24044.5,,-169.178,,0.471395,-5.05,17266.3,17880.1,18221.8,16392.5,19620.4,17138.5,0.7570774555206299,0.0588188916444778,0.0059273429214954,0.0831020399928093,5.931712962962963e-05,0.0,1280,1080,dd946b823d28fa25,distance+perceptual,21216,seg_0029,816:-1989,train,https://raw.githubusercontent.com/ZShamsi987/canyonbench-data/main/frames/floating/img_011404.jpg,production
img_011464.jpg,frames/floating/img_011464.jpg,11464,Floating,11118.0,11264.0,36.6844,-111.404,24050.1,,163.492,,0.470815,-0.4,17301.1,19042.3,18224.3,16985.5,20083.2,17787.7,0.7689040899276733,0.0474987998604774,0.0053381947800517,0.0698145627975463,6.582754629629629e-05,0.0,1280,1080,91fb43b20ec21ee9,distance+perceptual,21216,seg_0030,816:-1990,validation,https://raw.githubusercontent.com/ZShamsi987/canyonbench-data/main/frames/floating/img_011464.jpg,production
img_011524.jpg,frames/floating/img_011524.jpg,11524,Floating,11174.0,11324.0,36.6805,-111.412,24044.3,,136.739,,0.47125,3.51,17475.1,19960.1,18473.1,17799.5,20300.6,17966.6,0.7662137150764465,0.0458594635128974,0.0055719944648444,0.0671715661883354,4.267939814814815e-05,0.0,1280,1080,846f4e5f4b7400fa,distance+perceptual,21216,seg_0030,816:-1990,validation,https://raw.githubusercontent.com/ZShamsi987/canyonbench-data/main/frames/floating/img_011524.jpg,calibration
img_011585.jpg,frames/floating/img_011585.jpg,11585,Floating,11230.0,11385.0,36.6766,-111.421,24042.6,,106.217,,0.471395,5.65,17702.0,20422.3,19083.9,18323.6,20377.9,18098.3,0.7565209269523621,0.0509049370884895,0.0058294809423387,0.0704286023974418,3.978587962962963e-05,0.0,1280,1080,d5595bbe32d91142,distance+perceptual,21216,seg_0030,816:-1990,validation,https://raw.githubusercontent.com/ZShamsi987/canyonbench-data/main/frames/floating/img_011585.jpg,production
img_011645.jpg,frames/floating/img_011645.jpg,11645,Floating,11286.0,11445.0,36.6727,-111.429,24045.9,,81.8395,,0.47096,-0.1,18084.9,20766.8,20276.2,19017.5,20573.2,18114.0,0.7507860660552979,0.0534113235771656,0.0060653728432953,0.0680368468165397,4.9189814814814815e-05,0.0,1280,1080,d552363474cd6b29,distance+perceptual,21216,seg_0031,816:-1990,validation,https://raw.githubusercontent.com/ZShamsi987/canyonbench-data/main/frames/floating/img_011645.jpg,production
img_011705.jpg,frames/floating/img_011705.jpg,11705,Floating,11342.0,11505.0,36.6687,-111.437,24039.7,,69.2646,,0.471395,-11.32,18439.0,20951.7,20825.4,19417.2,20867.8,18235.6,0.7494433522224426,0.0546653866767883,0.0060941744595766,0.0682844743132591,2.8935185185185183e-05,0.0,1280,1080,d51a36757ce86941,distance+perceptual,21216,seg_0032,816:-1991,train,https://raw.githubusercontent.com/ZShamsi987/canyonbench-data/main/frames/floating/img_011705.jpg,production
img_011765.jpg,frames/floating/img_011765.jpg,11765,Floating,11397.0,11565.0,36.6648,-111.446,24022.6,,72.9819,,0.47241,-16.34,18403.0,20852.6,20617.4,19293.5,20945.1,18293.0,0.7538837790489197,0.0540035292506217,0.0056586302816867,0.0697852224111557,3.616898148148148e-05,0.0,1280,1080,d0591b337ad4e2e1,distance+perceptual,21216,seg_0032,816:-1991,train,https://raw.githubusercontent.com/ZShamsi987/canyonbench-data/main/frames/floating/img_011765.jpg,production
img_011825.jpg,frames/floating/img_011825.jpg,11825,Floating,11453.0,11625.0,36.6607,-111.454,24025.4,,81.3868,,0.472555,-11.88,18502.6,20785.5,20302.0,19136.8,21064.0,18348.1,0.7578644752502441,0.0548994280397892,0.0057323849759995,0.073001280426979,4.050925925925926e-05,0.0,1280,1080,d45d4d11395a5b78,distance+perceptual,21216,seg_0032,816:-1991,train,https://raw.githubusercontent.com/ZShamsi987/canyonbench-data/main/frames/floating/img_011825.jpg,production
img_011885.jpg,frames/floating/img_011885.jpg,11885,Floating,11508.0,11685.0,36.6566,-111.462,24047.7,,82.5571,,0.47125,-2.02,18719.9,20709.6,20487.6,19260.5,21215.2,18322.2,0.7587586641311646,0.0559656135737896,0.0058495053090155,0.0748030468821525,4.1956018518518515e-05,0.0,1280,1080,d64d44953ccb4d78,distance+perceptual,21216,seg_0032,816:-1991,train,https://raw.githubusercontent.com/ZShamsi987/canyonbench-data/main/frames/floating/img_011885.jpg,production
img_011945.jpg,frames/floating/img_011945.jpg,11945,Floating,11564.0,11745.0,36.6524,-111.471,24062.8,,77.0141,,0.47009,-3.29,18872.3,20773.4,20862.0,19493.8,21280.5,18308.7,0.7571716904640198,0.058377232402563,0.0060577718541026,0.0772963091731071,6.582754629629629e-05,0.0,1280,1080,d344459d2d4b48fb,distance+perceptual,21216,seg_0032,816:-1992,train,https://raw.githubusercontent.com/ZShamsi987/canyonbench-data/main/frames/floating/img_011945.jpg,production
img_012005.jpg,frames/floating/img_012005.jpg,12005,Floating,11619.0,11805.0,36.6481,-111.479,24063.1,,72.2003,,0.47009,-14.01,19040.3,20912.1,21446.1,19768.9,21378.2,18354.8,0.7553160786628723,0.0607236921787261,0.0061768149025738,0.0795130878686904,8.029513888888889e-05,0.0,1280,1080,d547059c0d4b49ef,distance+perceptual,21216,seg_0033,815:-1992,validation,https://raw.githubusercontent.com/ZShamsi987/canyonbench-data/main/frames/floating/img_012005.jpg,production
img_012065.jpg,frames/floating/img_012065.jpg,12065,Floating,11675.0,11865.0,36.6438,-111.487,24049.4,,72.5903,,0.470815,-19.26,19167.6,20977.0,21671.6,19909.1,21421.5,18420.1,0.7543646693229675,0.0625742003321647,0.0063396743498742,0.0812270864844322,8.246527777777778e-05,0.0,1280,1080,d547049e0d49ed6e,distance,21216,seg_0033,815:-1992,validation,https://raw.githubusercontent.com/ZShamsi987/canyonbench-data/main/frames/floating/img_012065.jpg,production
img_012125.jpg,frames/floating/img_012125.jpg,12125,Floating,11730.0,11925.0,36.6396,-111.495,24041.3,,77.4239,,0.47154,-21.34,19052.3,20933.0,21545.2,19831.6,21378.2,18467.4,0.754743218421936,0.0649434626102447,0.0067135989665985,0.0836124494671821,0.0001171875,0.0,1280,1080,d4555696074e6d6c,distance+perceptual,21216,seg_0033,815:-1992,validation,https://raw.githubusercontent.com/ZShamsi987/canyonbench-data/main/frames/floating/img_012125.jpg,production
img_012185.jpg,frames/floating/img_012185.jpg,12185,Floating,11785.0,11985.0,36.6353,-111.503,24050.3,,87.7484,,0.47067,-17.89,18964.7,20879.0,21190.7,19634.0,21440.2,18610.3,0.7604366540908813,0.0610099285840988,0.0068246219307184,0.0833065211772918,0.0001504629629629,0.0,1280,1080,ca5270da13977b4c,distance+perceptual,21216,seg_0034,815:-1993,train,https://raw.githubusercontent.com/ZShamsi987/canyonbench-data/main/frames/floating/img_012185.jpg,production
img_012245.jpg,frames/floating/img_012245.jpg,12245,Floating,11841.0,12045.0,36.631,-111.512,24061.5,,101.705,,0.4698,-6.0,19042.7,20896.6,21225.6,19640.9,21636.4,18765.6,0.7669714689254761,0.0584636479616165,0.006820099428296,0.0810899659991264,0.00021484375,0.0,1280,1080,cf727dcb09988d18,distance+perceptual,21216,seg_0035,815:-1993,train,https://raw.githubusercontent.com/ZShamsi987/canyonbench-data/main/frames/floating/img_012245.jpg,production
img_012305.jpg,frames/floating/img_012305.jpg,12305,Floating,11896.0,12105.0,36.6266,-111.52,24058.4,,102.405,,0.47009,-1.5,19154.4,20808.6,21328.0,19643.5,21651.6,18717.2,0.7660478353500366,0.0606882236897945,0.0070978673174977,0.0817787200212478,0.0002481192129629,0.0,1280,1080,c5727dc9489acc8d,distance+perceptual,21216,seg_0035,815:-1993,train,https://raw.githubusercontent.com/ZShamsi987/canyonbench-data/main/frames/floating/img_012305.jpg,production
img_012365.jpg,frames/floating/img_012365.jpg,12365,Floating,11951.0,12165.0,36.6223,-111.529,24046.4,,81.6847,,0.47096,-1.45,19184.4,20655.6,21369.6,19620.9,21587.9,18515.8,0.761622428894043,0.0641211792826652,0.0075455270707607,0.0841171741485595,0.0002611400462962,0.0,1280,1080,c56a7ec9889d4c0f,distance+perceptual,21216,seg_0035,815:-1993,train,https://raw.githubusercontent.com/ZShamsi987/canyonbench-data/main/frames/floating/img_012365.jpg,production
img_012425.jpg,frames/floating/img_012425.jpg,12425,Floating,12007.0,12225.0,36.6179,-111.537,24048.2,,51.6513,,0.471105,-1.85,19218.0,20567.6,21376.2,19607.0,21627.9,18528.1,0.7660418748855591,0.0641930699348449,0.0076620806939899,0.0824604481458664,0.000337818287037,0.0,1280,1080,a57b36c54c89c6c5,distance+perceptual,21216,seg_0035,815:-1994,train,https://raw.githubusercontent.com/ZShamsi987/canyonbench-data/main/frames/floating/img_012425.jpg,calibration
img_012485.jpg,frames/floating/img_012485.jpg,12485,Floating,12062.0,12285.0,36.6137,-111.545,24035.5,,50.2106,,0.47154,-5.24,19166.4,20392.6,21352.9,19564.3,21669.5,18644.0,0.7738287448883057,0.0649260729551315,0.0076693822629749,0.0827344134449958,0.0004152199074074,0.0,1280,1080,b45a33e066c1f5c6,distance+perceptual,21216,seg_0035,815:-1994,train,https://raw.githubusercontent.com/ZShamsi987/canyonbench-data/main/frames/floating/img_012485.jpg,production
img_012545.jpg,frames/floating/img_012545.jpg,12545,Floating,12117.0,12345.0,36.6109,-111.552,23870.9,,42.2914,,0.482415,-20.49,19168.8,20205.5,21357.9,19550.4,21498.8,18399.9,0.7651155591011047,0.0681042075157165,0.0081466678529977,0.0840480178594589,0.0004347511574074,0.0,1280,1080,b46d07e4cf80c7c6,distance+perceptual,21216,seg_0035,815:-1994,train,https://raw.githubusercontent.com/ZShamsi987/canyonbench-data/main/frames/floating/img_012545.jpg,production
img_012605.jpg,frames/floating/img_012605.jpg,12605,Floating,12172.0,12405.0,36.6093,-111.558,23707.8,,57.6314,,0.494305,-16.93,19189.2,19946.9,21338.8,19462.4,21496.2,18218.7,0.7655422687530518,0.0691808387637138,0.0082379290834069,0.0851260647177696,0.0004419849537037,0.0,1280,1080,f46d3364478447c7,distance+perceptual,21216,seg_0035,815:-1994,train,https://raw.githubusercontent.com/ZShamsi987/canyonbench-data/main/frames/floating/img_012605.jpg,production
img_012665.jpg,frames/floating/img_012665.jpg,12665,Floating,12227.0,12465.0,36.6064,-111.566,23590.7,,36.9767,,0.50315,-17.28,22608.8,22288.8,24429.2,21870.7,23782.2,20181.1,0.7349375486373901,0.0813241526484489,0.0091290520504117,0.0892508625984191,0.0003783275462962,0.0,1280,1080,d35891acea664573,distance+perceptual,21216,seg_0035,815:-1994,train,https://raw.githubusercontent.com/ZShamsi987/canyonbench-data/main/frames/floating/img_012665.jpg,production
img_012725.jpg,frames/floating/img_012725.jpg,12725,Floating,12283.0,12525.0,36.604,-111.572,23496.9,,120.713,,0.51011,-22.72,19059.5,19657.5,21128.3,19144.7,21422.4,18428.0,0.7915543913841248,0.0720793381333351,0.0086116837337613,0.0873018726706504,0.0006995081018518,0.0,1280,1080,93080e4e13fa4ef7,distance+perceptual,21216,seg_0036,814:-1995,validation,https://raw.githubusercontent.com/ZShamsi987/canyonbench-data/main/frames/floating/img_012725.jpg,production
img_012785.jpg,frames/floating/img_012785.jpg,12785,Floating,12338.0,12585.0,36.6027,-111.578,23403.4,,-173.24,,0.51707,-19.75,19041.5,19709.2,20954.4,19240.4,21418.1,18143.3,0.7876995801925659,0.0857643187046051,0.009256032295525,0.0962836369872093,0.00056640625,0.0,1280,1080,d39348e572b90c9e,distance+perceptual,21216,seg_0036,814:-1995,validation,https://raw.githubusercontent.com/ZShamsi987/canyonbench-data/main/frames/floating/img_012785.jpg,production
img_012845.jpg,frames/floating/img_012845.jpg,12845,Floating,12393.0,12645.0,36.6019,-111.582,23279.3,,-178.036,,0.526495,-19.88,18928.7,19529.8,20979.3,19149.9,21401.1,18241.2,0.7987242937088013,0.0809814259409904,0.0091017289087176,0.0953361690044403,0.0006481481481481,0.0,1280,1080,968b6cf279b41d84,perceptual,21216,seg_0037,814:-1995,validation,https://raw.githubusercontent.com/ZShamsi987/canyonbench-data/main/frames/floating/img_012845.jpg,production
img_012905.jpg,frames/floating/img_012905.jpg,12905,Floating,12448.0,12705.0,36.6022,-111.585,23208.7,,122.573,,0.532875,-19.17,19167.6,20607.2,21157.4,19122.9,21200.7,18278.3,0.7717282176017761,0.0744590163230896,0.0089303394779562,0.0884940177202224,0.0005635127314814,7.233796296296296e-07,1280,1080,93671c1370c79ce3,perceptual,21216,seg_0037,814:-1995,validation,https://raw.githubusercontent.com/ZShamsi987/canyonbench-data/main/frames/floating/img_012905.jpg,production
img_012965.jpg,frames/floating/img_012965.jpg,12965,Floating,12503.0,12765.0,36.6028,-111.588,23253.5,,63.1299,,0.52954,-26.96,20070.2,20497.2,22428.8,20174.6,21899.6,18339.1,0.7285143733024597,0.0850068256258964,0.009826892055571,0.0846145823597908,0.0004969618055555,0.0,1280,1080,d427b94b15a44fb2,perceptual,21216,seg_0037,814:-1995,validation,https://raw.githubusercontent.com/ZShamsi987/canyonbench-data/main/frames/floating/img_012965.jpg,production
img_013025.jpg,frames/floating/img_013025.jpg,13025,Floating,12558.0,12825.0,36.6034,-111.591,23251.3,,37.2572,,0.52896,-7.48,19431.6,19123.7,21217.3,18758.1,21509.0,18076.9,0.7325637340545654,0.0740653350949287,0.0074362903833389,0.0649331659078598,0.0004058159722222,0.0,1280,1080,d59357725ae00d56,perceptual,21216,seg_0037,814:-1995,validation,https://raw.githubusercontent.com/ZShamsi987/canyonbench-data/main/frames/floating/img_013025.jpg,calibration
img_013085.jpg,frames/floating/img_013085.jpg,13085,Floating,12613.0,12885.0,36.6041,-111.594,23183.9,,22.3318,,0.53418,-10.76,19130.4,19160.0,20943.6,18644.0,21545.5,18284.0,0.7384030222892761,0.0672950968146324,0.0069190287031233,0.0570897199213504,0.000382667824074,0.0,1280,1080,c79576cb03c19378,perceptual,21216,seg_0037,814:-1995,validation,https://raw.githubusercontent.com/ZShamsi987/canyonbench-data/main/frames/floating/img_013085.jpg,production
img_013145.jpg,frames/floating/img_013145.jpg,13145,Floating,12667.0,12945.0,36.605,-111.598,23129.4,,26.1658,,0.538965,-7.34,19024.7,19171.0,21013.5,18656.2,21555.7,18313.2,0.7380834221839905,0.0681955367326736,0.0070338468067348,0.0587498471140861,0.0003862847222222,0.0,1280,1080,c59156ca8fc19f38,perceptual,21216,seg_0037,814:-1995,validation,https://raw.githubusercontent.com/ZShamsi987/canyonbench-data/main/frames/floating/img_013145.jpg,production
img_013205.jpg,frames/floating/img_013205.jpg,13205,Floating,12722.0,13005.0,36.6059,-111.602,23104.7,,53.5551,,0.540705,-3.16,19570.9,19928.2,22038.6,19608.7,21693.2,18311.0,0.7287300229072571,0.086972028017044,0.0098763639107346,0.0760122090578079,0.0004434317129629,0.0,1280,1080,d5a5523d3554d26a,perceptual,21216,seg_0037,814:-1995,validation,https://raw.githubusercontent.com/ZShamsi987/canyonbench-data/main/frames/floating/img_013205.jpg,production
img_013265.jpg,frames/floating/img_013265.jpg,13265,Floating,12777.0,13065.0,36.607,-111.607,23080.6,,62.5673,,0.54259,-4.57,19795.3,20929.7,22417.2,20270.4,21807.9,18415.6,0.7325379848480225,0.0876206457614898,0.0098956292495131,0.0816351845860481,0.0004926215277777,0.0,1280,1080,d564ba5b5f20ed10,perceptual,21216,seg_0038,815:-1995,train,https://raw.githubusercontent.com/ZShamsi987/canyonbench-data/main/frames/floating/img_013265.jpg,production
img_013325.jpg,frames/floating/img_013325.jpg,13325,Floating,12832.0,13125.0,36.6082,-111.612,23036.0,,43.3595,,0.546215,-10.36,19022.3,19639.9,21653.3,19206.5,21467.4,18198.4,0.7293283343315125,0.0876685455441474,0.0097736613824963,0.0745818391442298,0.0003848379629629,0.0,1280,1080,d5a773a57510d234,perceptual,21216,seg_0038,815:-1995,train,https://raw.githubusercontent.com/ZShamsi987/canyonbench-data/main/frames/floating/img_013325.jpg,production
img_013385.jpg,frames/floating/img_013385.jpg,13385,Floating,12887.0,13185.0,36.6101,-111.617,22995.3,,106.313,,0.549985,-10.76,18929.9,21707.7,21083.3,19842.9,21357.8,18533.8,0.7631937265396118,0.0790119618177414,0.0089971488341689,0.0884896144270896,0.0004861111111111,0.0,1280,1080,d576463c311ef00f,perceptual,21216,seg_0038,815:-1995,train,https://raw.githubusercontent.com/ZShamsi987/canyonbench-data/main/frames/floating/img_013385.jpg,production
img_013445.jpg,frames/floating/img_013445.jpg,13445,Floating,12943.0,13245.0,36.6125,-111.623,23020.2,,-173.487,,0.5481,-23.5,18871.1,20081.2,20321.2,18306.2,21581.1,18648.5,0.8066036701202393,0.0826572701334953,0.0092653082683682,0.0938229486346244,0.0004658564814814,0.0,1280,1080,99e379de170201fc,distance+perceptual,21216,seg_0039,815:-1995,train,https://raw.githubusercontent.com/ZShamsi987/canyonbench-data/main/frames/floating/img_013445.jpg,production
img_013505.jpg,frames/floating/img_013505.jpg,13505,Floating,12998.0,13305.0,36.6149,-111.628,22987.6,,-136.401,,0.55013,-6.38,19141.2,19193.0,20317.0,18175.6,21089.5,17802.4,0.7882770895957947,0.0946898162364959,0.0098408414050936,0.1074745208024978,0.0004166666666666,0.0,1280,1080,d5c262324f33d927,distance+perceptual,21216,seg_0039,815:-1995,train,https://raw.githubusercontent.com/ZShamsi987/canyonbench-data/main/frames/floating/img_013505.jpg,production
img_013565.jpg,frames/floating/img_013565.jpg,13565,Floating,13053.0,13365.0,36.6175,-111.634,22928.7,,-138.381,,0.55506,-1.9,19226.4,19248.1,20153.1,18034.6,21074.2,17830.5,0.7891145944595337,0.0950739756226539,0.0099537381902337,0.107946440577507,0.0003812210648148,0.0,1280,1080,d5c3721a41b1dd27,distance+perceptual,21216,seg_0039,815:-1995,train,https://raw.githubusercontent.com/ZShamsi987/canyonbench-data/main/frames/floating/img_013565.jpg,production
img_013625.jpg,frames/floating/img_013625.jpg,13625,Floating,13108.0,13425.0,36.62,-111.639,22898.9,,-131.906,,0.55738,-9.9,19335.6,19157.8,20003.3,17930.1,21013.9,17775.3,0.7855518460273743,0.0980049222707748,0.0103485053405165,0.1124997958540916,0.0004296875,0.0,1280,1080,d5d3701b41b1dd26,distance,21216,seg_0039,815:-1995,train,https://raw.githubusercontent.com/ZShamsi987/canyonbench-data/main/frames/floating/img_013625.jpg,production
img_013685.jpg,frames/floating/img_013685.jpg,13685,Floating,13163.0,13485.0,36.6223,-111.644,22886.5,,-116.208,,0.55854,-2.78,19566.1,18900.3,20051.6,17937.1,20698.9,17329.8,0.7672662734985352,0.1111499667167663,0.0114965653046965,0.1212118193507194,0.0004427083333333,0.0,1280,1080,d5965a3dd9691588,distance+perceptual,21216,seg_0039,815:-1995,train,https://raw.githubusercontent.com/ZShamsi987/canyonbench-data/main/frames/floating/img_013685.jpg,production
img_013745.jpg,frames/floating/img_013745.jpg,13745,Floating,13218.0,13545.0,36.6242,-111.649,22859.5,,-83.7947,,0.560715,-10.33,19768.9,18825.5,20475.9,18085.1,20061.1,16718.8,0.7425134778022766,0.1084955409169197,0.0114509463310241,0.1155485287308693,0.0004014756944444,0.0,1280,1080,d5d6943963465ed0,perceptual,21216,seg_0039,815:-1995,train,https://raw.githubusercontent.com/ZShamsi987/canyonbench-data/main/frames/floating/img_013745.jpg,production
img_013805.jpg,frames/floating/img_013805.jpg,13805,Floating,13273.0,13605.0,36.626,-111.655,22827.6,,-74.6541,,0.563325,-2.38,19866.1,18801.3,20743.9,18140.8,19904.0,16671.5,0.7374202013015747,0.1031649708747863,0.0106941554695367,0.1124550923705101,0.0003399884259259,0.0,1280,1080,ddca4c9c91973474,distance+perceptual,21216,seg_0040,815:-1996,test,https://raw.githubusercontent.com/ZShamsi987/canyonbench-data/main/frames/floating/img_013805.jpg,production
img_013865.jpg,frames/floating/img_013865.jpg,13865,Floating,13327.0,13665.0,36.6282,-111.659,22797.3,,-51.0768,,0.565935,0.95,19653.7,18770.4,20971.8,18316.7,19769.8,16930.3,0.7395059466362,0.0868560075759887,0.0093392059206962,0.0897786766290664,0.0003501157407407,7.233796296296296e-07,1280,1080,f8714705715766c3,perceptual,21216,seg_0040,815:-1996,test,https://raw.githubusercontent.com/ZShamsi987/canyonbench-data/main/frames/floating/img_013865.jpg,production
img_013925.jpg,frames/floating/img_013925.jpg,13925,Floating,13381.0,13725.0,36.631,-111.664,22735.0,,-14.2373,,0.57101,-1.97,19945.4,18637.3,20905.3,18215.7,19670.5,16724.4,0.7381398677825928,0.0909624546766281,0.0095804324373602,0.0937889292836189,0.0003305844907407,0.0,1280,1080,f161474c46466cdf,distance+perceptual,21216,seg_0040,815:-1996,test,https://raw.githubusercontent.com/ZShamsi987/canyonbench-data/main/frames/floating/img_013925.jpg,production
img_013985.jpg,frames/floating/img_013985.jpg,13985,Floating,13435.0,13785.0,36.6343,-111.668,22649.1,,35.1498,,0.57855,-4.96,20240.6,18506.3,20826.2,18071.2,19572.8,16476.8,0.737097978591919,0.0959116294980049,0.010125495493412,0.1018923297524452,0.0003616898148148,0.0,1280,1080,f5674e4c440cd92f,distance+perceptual,21216,seg_0040,815:-1996,test,https://raw.githubusercontent.com/ZShamsi987/canyonbench-data/main/frames/floating/img_013985.jpg,production
img_014045.jpg,frames/floating/img_014045.jpg,14045,Floating,13490.0,13845.0,36.6375,-111.673,22626.9,,53.3781,,0.581015,-9.23,20399.1,18549.2,20926.1,18077.3,19508.3,16426.2,0.7368997931480408,0.0952910855412483,0.0101032443344593,0.1001619473099708,0.0003493923611111,7.233796296296296e-07,1280,1080,f167464c464cdd1d,distance,21216,seg_0041,815:-1996,test,https://raw.githubusercontent.com/ZShamsi987/canyonbench-data/main/frames/floating/img_014045.jpg,production
img_014105.jpg,frames/floating/img_014105.jpg,14105,Floating,13544.0,13905.0,36.641,-111.677,22691.7,,51.5148,,0.575505,-21.57,20489.1,18500.8,20921.1,17967.5,19428.5,16242.8,0.7360803484916687,0.0979514271020889,0.0104913907125592,0.1026300191879272,0.0003139467592592,0.0,1280,1080,f1674c4c4ed8db28,distance+perceptual,21216,seg_0041,815:-1996,test,https://raw.githubusercontent.com/ZShamsi987/canyonbench-data/main/frames/floating/img_014105.jpg,production
img_014165.jpg,frames/floating/img_014165.jpg,14165,Floating,13598.0,13965.0,36.6444,-111.681,22731.4,,35.7931,,0.57188,-21.06,20646.3,18396.3,20831.2,17783.8,19551.6,16038.0,0.735115110874176,0.1059333756566047,0.0113050555810332,0.1106501743197441,0.0003862847222222,0.0,1280,1080,f94e58f9fab22600,distance+perceptual,21216,seg_0041,815:-1996,test,https://raw.githubusercontent.com/ZShamsi987/canyonbench-data/main/frames/floating/img_014165.jpg,production
img_014225.jpg,frames/floating/img_014225.jpg,14225,Floating,13653.0,14025.0,36.6478,-111.686,22745.3,,49.9688,,0.570865,-14.58,20594.7,18645.0,21165.7,17938.8,19347.8,16096.5,0.7361732125282288,0.0982028171420097,0.0103612020611763,0.1004844829440116,0.0003682002314814,0.0,1280,1080,f3674cee5c590911,distance+perceptual,21216,seg_0041,815:-1996,test,https://raw.githubusercontent.com/ZShamsi987/canyonbench-data/main/frames/floating/img_014225.jpg,production
img_014285.jpg,frames/floating/img_014285.jpg,14285,Floating,13707.0,14085.0,36.6511,-111.69,22700.6,,60.7598,,0.57391,-4.16,20418.3,18844.2,21022.6,18078.1,19282.4,16065.0,0.7381468415260315,0.0954043343663215,0.0103646963834762,0.0957650393247604,0.0003653067129629,7.233796296296296e-07,1280,1080,f32245f74f8748d0,distance+perceptual,21216,seg_0042,816:-1996,train,https://raw.githubusercontent.com/ZShamsi987/canyonbench-data/main/frames/floating/img_014285.jpg,production
img_014345.jpg,frames/floating/img_014345.jpg,14345,Floating,13761.0,14145.0,36.6545,-111.694,22615.3,,62.8459,,0.581595,-8.33,20395.5,18920.1,20795.4,18129.5,19278.2,15966.0,0.7380861043930054,0.0962273031473159,0.0104739665985107,0.0957618057727813,0.0004123263888888,0.0,1280,1080,f32345f64f8550f0,distance,21216,seg_0042,816:-1995,train,https://raw.githubusercontent.com/ZShamsi987/canyonbench-data/main/frames/floating/img_014345.jpg,calibration
img_014406.jpg,frames/floating/img_014406.jpg,14406,Floating,13816.0,14206.0,36.6577,-111.698,22606.4,,62.8952,,0.58261,-3.4,20247.8,18959.7,20604.1,18160.0,19313.8,15843.3,0.7376955151557922,0.09791199862957,0.0105513799935579,0.096774086356163,0.0003559027777777,0.0,1280,1080,f32745e64f8550f0,distance,21216,seg_0042,816:-1995,train,https://raw.githubusercontent.com/ZShamsi987/canyonbench-data/main/frames/floating/img_014406.jpg,production
img_014466.jpg,frames/floating/img_014466.jpg,14466,Floating,13870.0,14266.0,36.6609,-111.702,22646.3,,68.2155,,0.579275,-35.7,19994.6,19210.7,20414.4,18331.5,19279.0,15859.1,0.7385503649711609,0.0976947247982025,0.0106444945558905,0.0918176844716072,0.0003978587962962,0.0,1280,1080,f33155e6468391f8,distance+perceptual,21216,seg_0042,816:-1995,train,https://raw.githubusercontent.com/ZShamsi987/canyonbench-data/main/frames/floating/img_014466.jpg,production
img_014528.jpg,frames/floating/img_014528.jpg,14528,Floating,13925.0,14328.0,36.6642,-111.706,22636.1,,81.4859,,0.58,-4.93,19785.7,20142.8,20452.6,18416.8,19370.7,16258.5,0.7368261218070984,0.1020979359745979,0.0110362116247415,0.0948740318417549,0.0003819444444444,1.4467592592592592e-06,1280,1080,f03958a62321fb7c,distance+perceptual,21216,seg_0042,816:-1995,train,https://raw.githubusercontent.com/ZShamsi987/canyonbench-data/main/frames/floating/img_014528.jpg,production
img_014588.jpg,frames/floating/img_014588.jpg,14588,Floating,13978.0,14388.0,36.6673,-111.709,22587.5,,87.3633,,0.58377,-7.36,19509.7,20526.9,20174.7,18104.2,19375.8,16520.7,0.7360702753067017,0.1035563871264457,0.0113878641277551,0.0955384969711303,0.0004050925925925,0.0,1280,1080,d43d5d4c0663b1d9,perceptual,21216,seg_0042,816:-1995,train,https://raw.githubusercontent.com/ZShamsi987/canyonbench-data/main/frames/floating/img_014588.jpg,production
img_014648.jpg,frames/floating/img_014648.jpg,14648,Floating,14032.0,14448.0,36.6703,-111.713,22629.1,,81.1677,,0.58087,-31.91,19753.3,20412.4,20449.3,18063.3,19357.1,16404.8,0.733513355255127,0.1078979521989822,0.0122514329850673,0.1008993312716484,0.0004918981481481,0.0,1280,1080,e03159ac6ea75279,perceptual,21216,seg_0043,816:-1995,train,https://raw.githubusercontent.com/ZShamsi987/canyonbench-data/main/frames/floating/img_014648.jpg,production
img_014708.jpg,frames/floating/img_014708.jpg,14708,Floating,14086.0,14508.0,36.6734,-111.717,22678.6,,73.3516,,0.576375,-21.85,19806.1,20170.3,20342.0,17920.5,19291.8,16160.6,0.7334539294242859,0.1064796969294548,0.012004037387669,0.0997641086578369,0.0005432581018518,0.0,1280,1080,e733512c5457b13a,perceptual,21216,seg_0043,816:-1995,train,https://raw.githubusercontent.com/ZShamsi987/canyonbench-data/main/frames/floating/img_014708.jpg,production
img_014768.jpg,frames/floating/img_014768.jpg,14768,Floating,14139.0,14568.0,36.6767,-111.72,22689.6,,38.7682,,0.575505,-19.62,19905.8,18827.7,19769.5,17418.2,19819.1,16518.5,0.73246169090271,0.1225820928812027,0.0126745477318763,0.1280892640352249,0.0004246238425925,0.0,1280,1080,d4dd270c1ae465ce,perceptual,21216,seg_0043,816:-1995,train,https://raw.githubusercontent.com/ZShamsi987/canyonbench-data/main/frames/floating/img_014768.jpg,production
img_014829.jpg,frames/floating/img_014829.jpg,14829,Floating,14194.0,14629.0,36.6798,-111.724,22680.8,,12.2787,,0.57594,-7.51,20063.0,18975.1,19622.2,17335.5,20504.4,17305.0,0.7514065504074097,0.1141910403966903,0.011626579798758,0.1380321532487869,0.0010677083333333,0.0,1280,1080,d5e0692c47ec3297,perceptual,21216,seg_0043,816:-1995,train,https://raw.githubusercontent.com/ZShamsi987/canyonbench-data/main/frames/floating/img_014829.jpg,production
img_014891.jpg,frames/floating/img_014891.jpg,14891,Floating,14249.0,14691.0,36.6831,-111.727,22657.6,,7.98223,,0.57797,-0.14,20103.8,19307.5,19569.0,17444.3,20717.5,17455.8,0.7578036189079285,0.1078360006213188,0.0115798106417059,0.1360447257757187,0.0011754918981481,0.0,1280,1080,d5e2692cc5f43389,perceptual,21216,seg_0043,816:-1995,train,https://raw.githubusercontent.com/ZShamsi987/canyonbench-data/main/frames/floating/img_014891.jpg,production
img_014952.jpg,frames/floating/img_014952.jpg,14952,Floating,14303.0,14752.0,36.6864,-111.73,22647.3,,12.2043,,0.579275,-3.18,20082.2,19277.8,19577.3,17454.7,20690.4,17357.9,0.7540239691734314,0.110162153840065,0.0117905186489224,0.139228418469429,0.0011357060185185,0.0,1280,1080,d5ea7d2ce5321388,perceptual,21216,seg_0043,816:-1995,train,https://raw.githubusercontent.com/ZShamsi987/canyonbench-data/main/frames/floating/img_014952.jpg,production
img_015013.jpg,frames/floating/img_015013.jpg,15013,Floating,14357.0,14813.0,36.6896,-111.733,22659.8,,19.3176,,0.57797,0.83,20142.2,19205.2,19583.1,17456.5,20610.5,17262.2,0.7480321526527405,0.1133499816060066,0.0119351791217923,0.1413573771715164,0.0010286458333333,0.0,1280,1080,d5e87d2467393294,perceptual,21216,seg_0043,816:-1995,train,https://raw.githubusercontent.com/ZShamsi987/canyonbench-data/main/frames/floating/img_015013.jpg,qualification
img_015080.jpg,frames/floating/img_015080.jpg,15080,Floating,14418.0,14880.0,36.6931,-111.737,22669.8,,20.5657,,0.577245,0.03,20264.6,19326.2,19644.7,17521.8,20698.9,17323.0,0.7481102347373962,0.1112933605909347,0.0118934493511915,0.1418609023094177,0.0010105613425925,0.0,1280,1080,d5e86d24f73012dc,distance,21216,seg_0043,816:-1995,train,https://raw.githubusercontent.com/ZShamsi987/canyonbench-data/main/frames/floating/img_015080.jpg,production
img_015143.jpg,frames/floating/img_015143.jpg,15143,Floating,14473.0,14943.0,36.6964,-111.739,22665.9,,27.6695,,0.577535,-4.35,20397.9,19315.2,19764.5,17544.4,20673.4,17276.9,0.7440488338470459,0.1125856712460517,0.0119789578020572,0.1431425213813781,0.001046730324074,0.0,1280,1080,d5ec4d2566311ad5,perceptual,21216,seg_0043,817:-1995,train,https://raw.githubusercontent.com/ZShamsi987/canyonbench-data/main/frames/floating/img_015143.jpg,production
img_015203.jpg,frames/floating/img_015203.jpg,15203,Floating,14527.0,15003.0,36.6993,-111.742,22678.2,,41.0589,,0.576665,-9.26,20484.3,19200.8,19950.9,17534.0,20404.2,17064.2,0.7330776453018188,0.1206542178988456,0.0134582472965121,0.1412483155727386,0.0010206886574074,0.0,1280,1080,d9b74813e51a754a,perceptual,21216,seg_0043,817:-1995,train,https://raw.githubusercontent.com/ZShamsi987/canyonbench-data/main/frames/floating/img_015203.jpg,production
img_015263.jpg,frames/floating/img_015263.jpg,15263,Floating,14580.0,15063.0,36.7023,-111.745,22692.1,,56.62,,0.57536,-5.75,20563.5,19205.2,20431.0,17614.1,20178.3,16834.6,0.7261916995048523,0.1255063563585281,0.0142450938001275,0.1392994225025177,0.0010532407407407,0.0,1280,1080,ddd5057a460d991b,perceptual,21216,seg_0044,817:-1995,train,https://raw.githubusercontent.com/ZShamsi987/canyonbench-data/main/frames/floating/img_015263.jpg,calibration
img_015323.jpg,frames/floating/img_015323.jpg,15323,Floating,14633.0,15123.0,36.7052,-111.747,22685.6,,66.3484,,0.575795,-4.99,20622.3,19209.6,20892.8,17740.3,20064.5,16717.6,0.7268804907798767,0.1207808554172515,0.0135805187746882,0.1271818280220031,0.0008825231481481,0.0,1280,1080,cb5224f9031e4cfe,perceptual,21216,seg_0044,817:-1995,train,https://raw.githubusercontent.com/ZShamsi987/canyonbench-data/main/frames/floating/img_015323.jpg,production
img_015383.jpg,frames/floating/img_015383.jpg,15383,Floating,14685.0,15183.0,36.7079,-111.75,22681.3,,76.6975,,0.57623,-3.17,20637.9,19230.5,21393.7,17945.8,19988.9,16607.4,0.7276943325996399,0.1168734803795814,0.0128618208691477,0.1216848790645599,0.0006799768518518,0.0,1280,1080,c9421ef0051bbdee,perceptual,21216,seg_0044,817:-1995,train,https://raw.githubusercontent.com/ZShamsi987/canyonbench-data/main/frames/floating/img_015383.jpg,production
img_015443.jpg,frames/floating/img_015443.jpg,15443,Floating,14739.0,15243.0,36.7105,-111.752,22674.2,,87.1005,,0.576955,-0.06,20587.5,19280.0,21816.4,18146.0,19968.6,16563.5,0.7303197383880615,0.1139195784926414,0.0122738312929868,0.1157674863934516,0.0005425347222222,0.0,1280,1080,c92d1ef305165bd8,perceptual,21216,seg_0044,817:-1995,train,https://raw.githubusercontent.com/ZShamsi987/canyonbench-data/main/frames/floating/img_015443.jpg,production
img_015504.jpg,frames/floating/img_015504.jpg,15504,Floating,14792.0,15304.0,36.7131,-111.755,22657.6,,113.629,,0.578405,1.4,20541.9,19368.0,22191.7,18422.9,19971.1,16565.7,0.7335594892501831,0.112018845975399,0.0119580039754509,0.1132479086518287,0.0004173900462962,0.0,1280,1080,d92d36f2033c3672,perceptual,21216,seg_0044,817:-1995,train,https://raw.githubusercontent.com/ZShamsi987/canyonbench-data/main/frames/floating/img_015504.jpg,production
img_015564.jpg,frames/floating/img_015564.jpg,15564,Floating,14846.0,15364.0,36.7159,-111.757,22660.4,,131.738,,0.57855,1.71,20451.9,19634.4,22363.9,18829.5,19988.1,16600.6,0.7387656569480896,0.1089837551116943,0.011810821481049,0.1072830632328987,0.0005403645833333,0.0,1280,1080,d06c26b612bb5d27,perceptual,21216,seg_0044,817:-1995,train,https://raw.githubusercontent.com/ZShamsi987/canyonbench-data/main/frames/floating/img_015564.jpg,production
img_015624.jpg,frames/floating/img_015624.jpg,15624,Floating,14898.0,15424.0,36.7186,-111.76,22665.7,,142.002,,0.57797,-2.63,20419.5,20186.8,22326.5,19289.2,20093.4,16732.3,0.7421628832817078,0.1086761727929115,0.0118365036323666,0.1062955930829048,0.0005056423611111,0.0,1280,1080,d24c6eb716921b59,perceptual,21216,seg_0044,817:-1995,train,https://raw.githubusercontent.com/ZShamsi987/canyonbench-data/main/frames/floating/img_015624.jpg,production
img_015684.jpg,frames/floating/img_015684.jpg,15684,Floating,14951.0,15484.0,36.7213,-111.762,22658.0,,148.343,,0.57855,-10.23,20405.1,20748.1,22160.1,19693.2,20221.6,16944.9,0.7431933879852295,0.1098941341042518,0.0122075974941253,0.1079338937997818,0.0005013020833333,0.0,1280,1080,c60e6ea731b61a9a,perceptual,21216,seg_0044,817:-1995,train,https://raw.githubusercontent.com/ZShamsi987/canyonbench-data/main/frames/floating/img_015684.jpg,production
img_015744.jpg,frames/floating/img_015744.jpg,15744,Floating,15004.0,15544.0,36.7239,-111.765,22659.0,,153.112,,0.578695,-11.12,20387.1,21258.7,21930.4,20024.0,20413.5,17185.7,0.7435250282287598,0.1120782569050788,0.0124044548720121,0.1099540293216705,0.0005114293981481,7.233796296296296e-07,1280,1080,c3376f2723253616,perceptual,21216,seg_0044,817:-1995,train,https://raw.githubusercontent.com/ZShamsi987/canyonbench-data/main/frames/floating/img_015744.jpg,production
img_015804.jpg,frames/floating/img_015804.jpg,15804,Floating,15058.0,15604.0,36.7267,-111.768,22682.4,,155.895,,0.5771,-6.95,20343.9,21855.2,21656.6,20224.3,20662.3,17501.9,0.745174765586853,0.1130503565073013,0.0123704951256513,0.1168993487954139,0.00046875,7.233796296296296e-07,1280,1080,d32d596f21692d26,perceptual,21216,seg_0044,817:-1995,train,https://raw.githubusercontent.com/ZShamsi987/canyonbench-data/main/frames/floating/img_015804.jpg,production
img_015884.jpg,frames/floating/img_015884.jpg,15884,Floating,15130.0,15684.0,36.7304,-111.772,22681.2,,158.31,,0.576955,-8.7,20217.8,22164.4,21329.6,20163.3,20918.8,17752.8,0.7471340894699097,0.111349232494831,0.0122399535030126,0.1171518713235855,0.0006416377314814,7.233796296296296e-07,1280,1080,d72b596f25712924,distance,21216,seg_0045,817:-1995,train,https://raw.githubusercontent.com/ZShamsi987/canyonbench-data/main/frames/floating/img_015884.jpg,production
img_015955.jpg,frames/floating/img_015955.jpg,15955,Floating,15193.0,15755.0,36.7335,-111.775,22654.4,,156.359,,0.57971,-8.91,19982.6,22220.6,21097.5,20031.9,21100.5,17862.0,0.7458274364471436,0.1104624047875404,0.0122128594666719,0.1080189570784568,0.0006047453703703,0.0,1280,1080,d72a594e27436b25,perceptual,21216,seg_0045,817:-1995,train,https://raw.githubusercontent.com/ZShamsi987/canyonbench-data/main/frames/floating/img_015955.jpg,production
img_016023.jpg,frames/floating/img_016023.jpg,16023,Floating,15254.0,15823.0,36.7365,-111.779,22683.7,,158.68,,0.577245,-5.54,19710.1,22310.8,20781.3,19814.2,21286.5,18146.7,0.7481569051742554,0.1069102138280868,0.0119267301633954,0.1070070266723632,0.0006141493055555,7.233796296296296e-07,1280,1080,d73a114a2f575b21,perceptual,21216,seg_0045,817:-1995,train,https://raw.githubusercontent.com/ZShamsi987/canyonbench-data/main/frames/floating/img_016023.jpg,production
img_016083.jpg,frames/floating/img_016083.jpg,16083,Floating,15309.0,15883.0,36.739,-111.782,22700.2,,168.647,,0.576085,-3.43,19524.1,22084.1,20458.5,19575.6,21477.5,18507.9,0.7530050873756409,0.0989646539092063,0.0116180330514907,0.1040896847844123,0.0006517650462962,0.0,1280,1080,d73a99584ea4f053,perceptual,21216,seg_0045,817:-1995,train,https://raw.githubusercontent.com/ZShamsi987/canyonbench-data/main/frames/floating/img_016083.jpg,production
img_016143.jpg,frames/floating/img_016143.jpg,16143,Floating,15363.0,15943.0,36.7415,-111.786,22684.3,,-176.558,,0.577535,0.1,19335.6,21608.7,20222.1,19340.6,21549.7,18831.9,0.753332793712616,0.097548559308052,0.011215659789741,0.1069686785340309,0.0006749131944444,0.0,1280,1080,d762b9915f42e0a6,perceptual,21216,seg_0045,818:-1995,train,https://raw.githubusercontent.com/ZShamsi987/canyonbench-data/main/frames/floating/img_016143.jpg,production
img_016203.jpg,frames/floating/img_016203.jpg,16203,Floating,15416.0,16003.0,36.7437,-111.789,22669.0,,-170.877,,0.57884,-5.77,19118.4,21193.8,20009.1,19140.3,21509.0,18954.6,0.7528268694877625,0.0977710261940956,0.0112399337813258,0.1100491881370544,0.0006712962962962,0.0,1280,1080,d76239b19d4f4066,perceptual,21216,seg_0045,818:-1995,train,https://raw.githubusercontent.com/ZShamsi987/canyonbench-data/main/frames/floating/img_016203.jpg,calibration
img_016263.jpg,frames/floating/img_016263.jpg,16263,Floating,15471.0,16063.0,36.7458,-111.792,22671.1,,-164.56,,0.578695,-11.46,18938.3,20741.5,19820.2,18962.7,21467.4,18992.9,0.7533456087112427,0.0966891571879386,0.0109754651784896,0.111703872680664,0.0006047453703703,0.0,1280,1080,d76238b8bd8dc149,perceptual,21216,seg_0045,818:-1995,train,https://raw.githubusercontent.com/ZShamsi987/canyonbench-data/main/frames/floating/img_016263.jpg,production
img_016343.jpg,frames/floating/img_016343.jpg,16343,Floating,15544.0,16143.0,36.7486,-111.797,22701.2,,-164.791,,0.57652,-8.27,18601.0,20424.5,19658.0,18764.2,21254.2,18828.6,0.7522537112236023,0.0954897403717041,0.0109520964324474,0.1118728965520858,0.0006452546296296,0.0,1280,1080,d76238b9bd1d4149,distance,21216,seg_0045,818:-1995,train,https://raw.githubusercontent.com/ZShamsi987/canyonbench-data/main/frames/floating/img_016343.jpg,production
img_016403.jpg,frames/floating/img_016403.jpg,16403,Floating,15598.0,16203.0,36.7507,-111.8,22704.4,,-157.85,,0.576085,-9.89,18415.0,19966.7,19470.8,18590.1,21131.1,18689.0,0.7521636486053467,0.0956322327256202,0.0108724636957049,0.1153034120798111,0.0006438078703703,0.0,1280,1080,d5427a38bb9c8d94,perceptual,21216,seg_0045,818:-1995,train,https://raw.githubusercontent.com/ZShamsi987/canyonbench-data/main/frames/floating/img_016403.jpg,production
img_016463.jpg,frames/floating/img_016463.jpg,16463,Floating,15653.0,16263.0,36.7527,-111.803,22687.7,,-148.345,,0.57768,-9.12,18210.9,19434.1,19255.3,18368.0,20946.8,18455.0,0.7542703151702881,0.0933954492211341,0.0104171521961689,0.1170726418495178,0.0006633391203703,0.0,1280,1080,d5637a3a6b1a0a6a,perceptual,21216,seg_0045,818:-1995,train,https://raw.githubusercontent.com/ZShamsi987/canyonbench-data/main/frames/floating/img_016463.jpg,production
img_016523.jpg,frames/floating/img_016523.jpg,16523,Floating,15708.0,16323.0,36.7548,-111.806,22682.1,,-144.401,,0.578405,-27.97,17979.3,19177.6,19160.4,18239.2,20751.5,18275.0,0.7588866949081421,0.0831241086125373,0.0092481207102537,0.1109003499150276,0.0006221064814814,0.0,1280,1080,d5657038757d1d60,perceptual,21216,seg_0046,818:-1995,train,https://raw.githubusercontent.com/ZShamsi987/canyonbench-data/main/frames/floating/img_016523.jpg,production
img_016583.jpg,frames/floating/img_016583.jpg,16583,Floating,15763.0,16383.0,36.7569,-111.809,22694.1,,-153.145,,0.57739,-30.45,17775.2,19237.1,19222.0,18248.8,20574.9,18198.4,0.7534821033477783,0.089921623468399,0.0100825885310769,0.114069826900959,0.0005924479166666,0.0,1280,1080,d747623a627a3a2a,perceptual,21216,seg_0046,818:-1995,train,https://raw.githubusercontent.com/ZShamsi987/canyonbench-data/main/frames/floating/img_016583.jpg,production
img_016643.jpg,frames/floating/img_016643.jpg,16643,Floating,15818.0,16443.0,36.7591,-111.812,22700.7,,-150.148,,0.57681,-27.47,17577.2,19010.4,19147.9,18136.5,20377.0,18017.3,0.7583056688308716,0.0796978250145912,0.0090150237083435,0.1061625480651855,0.0004947916666666,0.0,1280,1080,d545617871793d0b,perceptual,21216,seg_0046,818:-1995,train,https://raw.githubusercontent.com/ZShamsi987/canyonbench-data/main/frames/floating/img_016643.jpg,production
img_016704.jpg,frames/floating/img_016704.jpg,16704,Floating,15873.0,16504.0,36.7615,-111.816,22697.4,,-135.693,,0.577245,-29.86,17310.7,18777.1,18999.0,18074.6,20115.5,17767.5,0.7701980471611023,0.0549396052956581,0.0067340745590627,0.097505122423172,0.000382667824074,0.0,1280,1080,d552e33a7ae2030f,perceptual,21216,seg_0046,818:-1995,train,https://raw.githubusercontent.com/ZShamsi987/canyonbench-data/main/frames/floating/img_016704.jpg,production
img_016764.jpg,frames/floating/img_016764.jpg,16764,Floating,15928.0,16564.0,36.764,-111.819,22685.4,,-116.47,,0.578115,-31.39,17046.6,19152.3,18762.7,18202.6,19920.1,17669.6,0.7781260013580322,0.0459887683391571,0.0059236362576484,0.0947062894701957,0.0003942418981481,0.0,1280,1080,d459c53e3ffc4003,perceptual,21216,seg_0046,818:-1995,train,https://raw.githubusercontent.com/ZShamsi987/canyonbench-data/main/frames/floating/img_016764.jpg,production
img_016824.jpg,frames/floating/img_016824.jpg,16824,Floating,15983.0,16624.0,36.7666,-111.822,22674.4,,-103.648,,0.579275,-20.57,16845.0,19557.3,18689.4,18378.5,19752.9,17830.5,0.7786304354667664,0.0462466068565845,0.005901978816837,0.0989650934934616,0.0003696469907407,0.0,1280,1080,d57d41075ebf5081,perceptual,21216,seg_0046,818:-1995,train,https://raw.githubusercontent.com/ZShamsi987/canyonbench-data/main/frames/floating/img_016824.jpg,production
img_016884.jpg,frames/floating/img_016884.jpg,16884,Floating,16038.0,16684.0,36.7692,-111.826,22674.6,,-96.0052,,0.57913,-30.46,16679.4,19808.2,18672.8,18544.8,19743.5,18073.5,0.7783888578414917,0.0472731851041317,0.0058766938745975,0.1021396219730377,0.0003356481481481,0.0,1280,1080,d5bf50801e4fbe48,perceptual,21216,seg_0046,818:-1995,train,https://raw.githubusercontent.com/ZShamsi987/canyonbench-data/main/frames/floating/img_016884.jpg,production
img_016944.jpg,frames/floating/img_016944.jpg,16944,Floating,16092.0,16744.0,36.7717,-111.829,22683.3,,-91.2162,,0.578695,-35.05,16692.6,19955.7,18703.6,18679.7,19926.1,18280.6,0.7782007455825806,0.0470730736851692,0.0058458219282329,0.1028039678931236,0.0002633101851851,0.0,1280,1080,d5afd040064fbfa4,perceptual,21216,seg_0046,818:-1995,train,https://raw.githubusercontent.com/ZShamsi987/canyonbench-data/main/frames/floating/img_016944.jpg,production
img_017004.jpg,frames/floating/img_017004.jpg,17004,Floating,16147.0,16804.0,36.7743,-111.833,22700.0,,-71.2134,,0.577535,-24.46,17028.6,20001.9,18560.5,18608.3,20466.2,18815.1,0.7816258072853088,0.0445909425616264,0.0055881119333207,0.0982180759310722,0.0002437789351851,0.0,1280,1080,95bafce54110a5b9,perceptual,21216,seg_0046,818:-1995,train,https://raw.githubusercontent.com/ZShamsi987/canyonbench-data/main/frames/floating/img_017004.jpg,production
img_017064.jpg,frames/floating/img_017064.jpg,17064,Floating,16202.0,16864.0,36.7769,-111.836,22719.8,,-45.4017,,0.57565,-18.74,17273.5,19802.7,18479.8,18324.5,20977.4,19096.4,0.7815560102462769,0.0422822572290897,0.0050125503912568,0.0944508612155914,0.0002199074074074,0.0,1280,1080,c4584bdb92b2b9b4,perceptual,21216,seg_0046,818:-1995,train,https://raw.githubusercontent.com/ZShamsi987/canyonbench-data/main/frames/floating/img_017064.jpg,production
img_017124.jpg,frames/floating/img_017124.jpg,17124,Floating,16254.0,16924.0,36.7797,-111.839,22727.8,,-21.9812,,0.575215,-27.62,17481.2,19221.7,18376.6,17906.6,21232.1,19132.4,0.7853466868400574,0.039836473762989,0.0046058888547122,0.080874003469944,0.0003363715277777,0.0,1280,1080,d1f361e568e42c63,perceptual,21216,seg_0047,818:-1995,train,https://raw.githubusercontent.com/ZShamsi987/canyonbench-data/main/frames/floating/img_017124.jpg,calibration
img_017184.jpg,frames/floating/img_017184.jpg,17184,Floating,16309.0,16984.0,36.7823,-111.842,22722.2,,7.47216,,0.575505,-12.76,17952.9,18022.1,18277.6,17326.8,21191.4,18666.5,0.7803190350532532,0.0468499399721622,0.0049882181920111,0.0712075605988502,0.000767505787037,0.0,1280,1080,d5d70fc54c920fc4,perceptual,21216,seg_0047,818:-1995,train,https://raw.githubusercontent.com/ZShamsi987/canyonbench-data/main/frames/floating/img_017184.jpg,production
img_017244.jpg,frames/floating/img_017244.jpg,17244,Floating,16363.0,17044.0,36.7849,-111.845,22714.3,,31.9924,,0.576375,-18.64,18295.0,17139.5,18363.3,17009.8,20873.8,18038.6,0.7649939656257629,0.0623614937067031,0.005512470845133,0.0786021128296852,0.0009367766203703,0.0,1280,1080,d4a142d936fd25f0,perceptual,21216,seg_0047,818:-1995,train,https://raw.githubusercontent.com/ZShamsi987/canyonbench-data/main/frames/floating/img_017244.jpg,production
img_017304.jpg,frames/floating/img_017304.jpg,17304,Floating,16418.0,17104.0,36.7874,-111.848,22717.6,,50.068,,0.57623,-12.34,18538.6,16941.4,18772.6,16932.3,20606.3,17516.5,0.7495658993721008,0.0766701474785804,0.0069813514128327,0.0859279185533523,0.0010517939814814,0.0,1280,1080,d69534c5556d9c62,perceptual,21216,seg_0047,819:-1995,train,https://raw.githubusercontent.com/ZShamsi987/canyonbench-data/main/frames/floating/img_017304.jpg,production
img_017364.jpg,frames/floating/img_017364.jpg,17364,Floating,16471.0,17164.0,36.7898,-111.851,22735.1,,73.0432,,0.57478,-4.64,18779.9,16655.3,19521.5,17036.0,20146.0,16788.5,0.735275149345398,0.0813135504722595,0.0085512744262814,0.0968793630599975,0.0010836226851851,0.0,1280,1080,d5ce196649b234d3,perceptual,21216,seg_0047,819:-1995,train,https://raw.githubusercontent.com/ZShamsi987/canyonbench-data/main/frames/floating/img_017364.jpg,production
img_017424.jpg,frames/floating/img_017424.jpg,17424,Floating,16523.0,17224.0,36.7922,-111.854,22746.3,,103.659,,0.573765,3.63,18766.7,16497.9,20266.2,17417.3,19564.3,16160.6,0.7305315136909485,0.0878738164901733,0.0109563888981938,0.1057228371500969,0.001021412037037,0.0,1280,1080,f36c58495a554b95,perceptual,21216,seg_0047,819:-1995,train,https://raw.githubusercontent.com/ZShamsi987/canyonbench-data/main/frames/floating/img_017424.jpg,production
img_017484.jpg,frames/floating/img_017484.jpg,17484,Floating,16576.0,17284.0,36.7946,-111.856,22736.3,,140.483,,0.574635,6.22,18617.8,17208.8,20714.7,18047.6,19401.3,16102.1,0.7328048348426819,0.0838300511240959,0.0101345228031277,0.105396568775177,0.0007740162037037,2.8935185185185184e-06,1280,1080,f5591a755545465a,perceptual,21216,seg_0047,819:-1995,train,https://raw.githubusercontent.com/ZShamsi987/canyonbench-data/main/frames/floating/img_017484.jpg,production
img_017544.jpg,frames/floating/img_017544.jpg,17544,Floating,16630.0,17344.0,36.7969,-111.859,22732.7,,-158.566,,0.57478,5.24,18535.0,18136.5,21017.6,18543.9,19563.5,16398.1,0.7383023500442505,0.0764481276273727,0.0095742782577872,0.1042047813534736,0.0006032986111111,0.0,1280,1080,d41c0a2e27dd5575,perceptual,21216,seg_0047,819:-1995,train,https://raw.githubusercontent.com/ZShamsi987/canyonbench-data/main/frames/floating/img_017544.jpg,production
img_017604.jpg,frames/floating/img_017604.jpg,17604,Floating,16683.0,17404.0,36.7993,-111.861,22749.3,,-134.185,,0.57362,-22.99,18501.4,18717.6,21191.5,18880.9,19850.5,16786.3,0.7429960370063782,0.0698908269405365,0.0084055131301283,0.1024645790457725,0.000499855324074,0.0,1280,1080,d6125a4b6262abeb,perceptual,21216,seg_0047,819:-1995,train,https://raw.githubusercontent.com/ZShamsi987/canyonbench-data/main/frames/floating/img_017604.jpg,production
img_017664.jpg,frames/floating/img_017664.jpg,17664,Floating,16737.0,17464.0,36.8018,-111.864,22751.9,,-121.651,,0.573475,-13.26,18489.4,18795.8,21292.2,19139.4,20216.5,17321.9,0.7522950768470764,0.0549313016235828,0.007149136159569,0.09664948284626,0.0002625868055555,0.0,1280,1080,d50319c5c8e773e2,perceptual,21216,seg_0047,819:-1995,train,https://raw.githubusercontent.com/ZShamsi987/canyonbench-data/main/frames/floating/img_017664.jpg,production
img_017724.jpg,frames/floating/img_017724.jpg,17724,Floating,16791.0,17524.0,36.8044,-111.866,22747.9,,-98.752,,0.57362,-25.57,18448.6,19119.3,21235.6,19486.0,20698.9,17922.8,0.7609832286834717,0.0483935363590717,0.0060382671654224,0.0935079678893089,0.0001837384259259,0.0,1280,1080,d418589bece6cde0,perceptual,21216,seg_0048,819:-1995,train,https://raw.githubusercontent.com/ZShamsi987/canyonbench-data/main/frames/floating/img_017724.jpg,production
img_017784.jpg,frames/floating/img_017784.jpg,17784,Floating,16846.0,17584.0,36.807,-111.868,22766.9,,-72.6768,,0.57217,-37.57,18448.6,19709.2,21057.6,19827.3,21116.6,18396.5,0.7662357091903687,0.0451190434396266,0.0052034920081496,0.0980227664113044,0.0001345486111111,0.0,1280,1080,d3154a6f944a6da6,perceptual,21216,seg_0048,819:-1995,train,https://raw.githubusercontent.com/ZShamsi987/canyonbench-data/main/frames/floating/img_017784.jpg,production
img_017844.jpg,frames/floating/img_017844.jpg,17844,Floating,16900.0,17644.0,36.8095,-111.871,22779.1,,-52.7784,,0.57101,-25.59,18231.3,20129.6,20566.6,19856.9,21238.9,18681.2,0.7718600034713745,0.0451774038374424,0.0049050883390009,0.0983116328716278,0.0001699942129629,0.0,1280,1080,d0249547687595fb,perceptual,21216,seg_0048,819:-1995,train,https://raw.githubusercontent.com/ZShamsi987/canyonbench-data/main/frames/floating/img_017844.jpg,production
img_017904.jpg,frames/floating/img_017904.jpg,17904,Floating,16954.0,17704.0,36.812,-111.873,22794.0,,-37.2287,,0.56985,-19.3,18555.4,20584.1,20852.9,20123.3,21610.0,19028.9,0.7766385674476624,0.0452605374157428,0.0047239190898835,0.0969874411821365,0.0002271412037037,0.0,1280,1080,d52d9595507a6b25,perceptual,21216,seg_0048,819:-1995,train,https://raw.githubusercontent.com/ZShamsi987/canyonbench-data/main/frames/floating/img_017904.jpg,production
img_017965.jpg,frames/floating/img_017965.jpg,17965,Floating,17008.0,17765.0,36.8147,-111.875,22849.4,,-12.1765,,0.56492,-15.72,18553.0,20865.8,20577.4,20054.5,22019.3,19713.0,0.7818393707275391,0.0474954098463058,0.0046464190818369,0.0949764028191566,0.0002690972222222,0.0,1280,1080,d56565d5c5c406d6,perceptual,21216,seg_0048,819:-1995,train,https://raw.githubusercontent.com/ZShamsi987/canyonbench-data/main/frames/floating/img_017965.jpg,production
img_018046.jpg,frames/floating/img_018046.jpg,18046,Floating,17082.0,17846.0,36.8177,-111.878,22905.4,,-17.9254,,0.56028,-7.26,18542.2,21021.0,20819.6,20260.0,21905.5,19536.3,0.7792217135429382,0.0483268462121486,0.0047861156053841,0.0972469970583915,0.0002105034722222,0.0,1280,1080,d5654595c5d492d9,perceptual,21216,seg_0048,819:-1995,train,https://raw.githubusercontent.com/ZShamsi987/canyonbench-data/main/frames/floating/img_018046.jpg,calibration
img_018106.jpg,frames/floating/img_018106.jpg,18106,Floating,17136.0,17906.0,36.8197,-111.88,22888.2,,-66.0568,,0.56173,-0.75,18641.8,19845.7,21518.5,20164.2,21235.5,18297.5,0.7633140087127686,0.0448101535439491,0.0049470476806163,0.0981731638312339,9.25925925925926e-05,0.0,1280,1080,c3355a6fb41a0b2e,perceptual,21216,seg_0048,819:-1995,train,https://raw.githubusercontent.com/ZShamsi987/canyonbench-data/main/frames/floating/img_018106.jpg,production
img_018166.jpg,frames/floating/img_018166.jpg,18166,Floating,17190.0,17966.0,36.8218,-111.882,22870.6,,-106.187,,0.563615,-2.47,18914.3,18800.2,21930.4,19623.5,21056.4,17965.5,0.7531728148460388,0.049928493797779,0.0058647752739489,0.0918153747916221,0.000167824074074,0.0,1280,1080,f51937131d35591a,perceptual,21216,seg_0048,819:-1995,train,https://raw.githubusercontent.com/ZShamsi987/canyonbench-data/main/frames/floating/img_018166.jpg,production
img_018226.jpg,frames/floating/img_018226.jpg,18226,Floating,17243.0,18026.0,36.8239,-111.885,22903.0,,-115.483,,0.56115,-15.52,19019.9,18632.9,22062.7,19510.3,21067.4,17938.5,0.7511476278305054,0.051510140299797,0.0061412551440298,0.0911466851830482,0.0003522858796296,0.0,1280,1080,f51d3613171b9919,perceptual,21216,seg_0048,819:-1995,train,https://raw.githubusercontent.com/ZShamsi987/canyonbench-data/main/frames/floating/img_018226.jpg,production
img_018287.jpg,frames/floating/img_018287.jpg,18287,Floating,17298.0,18087.0,36.8257,-111.887,22913.5,,-112.715,,0.55999,2.45,19031.9,18671.4,22143.4,19608.7,21120.0,17976.8,0.751826286315918,0.0507535636425018,0.0058810105547308,0.0909262523055076,0.000343605324074,0.0,1280,1080,f51d363327135313,perceptual,21216,seg_0048,819:-1994,train,https://raw.githubusercontent.com/ZShamsi987/canyonbench-data/main/frames/floating/img_018287.jpg,qualification
img_018347.jpg,frames/floating/img_018347.jpg,18347,Floating,17353.0,18147.0,36.8276,-111.89,22906.9,,-84.8563,,0.56086,-0.8,18758.3,19798.3,22014.4,20365.3,21263.6,18201.8,0.7605865001678467,0.0453299358487129,0.0049109919928014,0.0960351303219795,8.029513888888889e-05,0.0,1280,1080,c5355a2f161aa97c,perceptual,21216,seg_0049,819:-1994,train,https://raw.githubusercontent.com/ZShamsi987/canyonbench-data/main/frames/floating/img_018347.jpg,production
img_018407.jpg,frames/floating/img_018407.jpg,18407,Floating,17406.0,18207.0,36.8293,-111.892,22919.5,,-45.3636,,0.55999,-24.41,18587.8,21418.3,21546.0,20881.6,21894.5,19393.4,0.7714605331420898,0.0539098493754863,0.0051137171685695,0.1060621216893196,4.557291666666667e-05,0.0,1280,1080,d565d594d29a2a69,perceptual,21216,seg_0049,819:-1994,train,https://raw.githubusercontent.com/ZShamsi987/canyonbench-data/main/frames/floating/img_018407.jpg,production
img_018467.jpg,frames/floating/img_018467.jpg,18467,Floating,17459.0,18267.0,36.8309,-111.895,22939.5,,-25.7293,,0.558395,-13.65,18617.8,21766.1,21320.5,20868.5,22503.4,20288.0,0.7761789560317993,0.0588617175817489,0.0049469992518424,0.1071027591824531,3.689236111111111e-05,0.0,1280,1080,d57575d2c4d682c2,perceptual,21216,seg_0049,820:-1995,train,https://raw.githubusercontent.com/ZShamsi987/canyonbench-data/main/frames/floating/img_018467.jpg,production
img_018528.jpg,frames/floating/img_018528.jpg,18528,Floating,17514.0,18328.0,36.8323,-111.898,22946.8,,2.01486,,0.55767,-14.89,18812.3,21563.6,20983.5,20565.6,23220.9,21019.4,0.7895581126213074,0.0540740229189395,0.0043696439824998,0.0925268679857254,9.98263888888889e-05,0.0,1280,1080,d51554765e5a4a6a,perceptual,21216,seg_0049,820:-1995,train,https://raw.githubusercontent.com/ZShamsi987/canyonbench-data/main/frames/floating/img_018528.jpg,production
img_018588.jpg,frames/floating/img_018588.jpg,18588,Floating,17569.0,18388.0,36.8334,-111.9,22941.5,,54.494,,0.55825,-17.19,19065.5,20223.1,20620.7,19673.1,23204.8,20527.7,0.8017777800559998,0.0466199964284896,0.004292918369174,0.0624963901937007,0.0006647858796296,0.0,1280,1080,d5c262cf34ae5532,perceptual,21216,seg_0049,820:-1995,train,https://raw.githubusercontent.com/ZShamsi987/canyonbench-data/main/frames/floating/img_018588.jpg,production
img_018648.jpg,frames/floating/img_018648.jpg,18648,Floating,17623.0,18448.0,36.8342,-111.903,22951.0,,114.285,,0.55767,0.58,19652.5,19077.5,20633.2,19108.1,22539.9,19159.4,0.7673916816711426,0.0744221657514572,0.0053822859190404,0.0755735263228416,0.0007219328703703,0.0,1280,1080,d7b6489546d42ada,perceptual,21216,seg_0049,820:-1995,train,https://raw.githubusercontent.com/ZShamsi987/canyonbench-data/main/frames/floating/img_018648.jpg,production
img_018708.jpg,frames/floating/img_018708.jpg,18708,Floating,17676.0,18508.0,36.8346,-111.906,22961.7,,165.369,,0.556655,-15.89,19731.7,18766.0,21531.8,18990.6,21779.0,18497.8,0.7401455640792847,0.0782915279269218,0.0070997802540659,0.0909603014588356,0.0006322337962962,0.0,1280,1080,dbc466c635c2555a,perceptual,21216,seg_0049,820:-1995,train,https://raw.githubusercontent.com/ZShamsi987/canyonbench-data/main/frames/floating/img_018708.jpg,production
img_018768.jpg,frames/floating/img_018768.jpg,18768,Floating,17730.0,18568.0,36.8347,-111.908,22964.7,,-153.169,,0.55622,-8.78,19458.0,18084.8,22385.6,19264.8,21417.3,18116.3,0.7442782521247864,0.0618547722697258,0.0064266677945852,0.0903398469090461,0.0005258969907407,0.0,1280,1080,fb4c3535b6135342,perceptual,21216,seg_0049,820:-1995,train,https://raw.githubusercontent.com/ZShamsi987/canyonbench-data/main/frames/floating/img_018768.jpg,production
img_018828.jpg,frames/floating/img_018828.jpg,18828,Floating,17784.0,18628.0,36.8344,-111.911,22971.6,,-114.638,,0.555785,-0.08,19141.2,18898.1,22730.0,20173.8,21289.9,17925.0,0.7559550404548645,0.0471343025565147,0.0049452111124992,0.0931690782308578,0.0001106770833333,0.0,1280,1080,e5124d361b1b3e2b,perceptual,21216,seg_0049,820:-1995,train,https://raw.githubusercontent.com/ZShamsi987/canyonbench-data/main/frames/floating/img_018828.jpg,production
img_018888.jpg,frames/floating/img_018888.jpg,18888,Floating,17838.0,18688.0,36.8337,-111.913,22972.2,,-64.2643,,0.55564,-15.27,18623.8,21114.6,22338.1,21081.9,21556.5,18586.6,0.7623332738876343,0.0559749081730842,0.0054545258171856,0.1125390827655792,2.8935185185185183e-05,0.0,1280,1080,d532d58a5d643633,perceptual,21216,seg_0049,820:-1995,train,https://raw.githubusercontent.com/ZShamsi987/canyonbench-data/main/frames/floating/img_018888.jpg,production
img_018948.jpg,frames/floating/img_018948.jpg,18948,Floating,17890.0,18748.0,36.8328,-111.916,22972.0,,-11.4665,,0.55593,-19.48,18687.5,21957.6,21509.4,21136.7,22968.7,20750.5,0.7751685380935669,0.0663188770413398,0.0048913829959928,0.1182920560240745,2.025462962962963e-05,0.0,1280,1080,d5547abaea5052d8,perceptual,21216,seg_0050,820:-1995,train,https://raw.githubusercontent.com/ZShamsi987/canyonbench-data/main/frames/floating/img_018948.jpg,calibration
img_019008.jpg,frames/floating/img_019008.jpg,19008,Floating,17944.0,18808.0,36.8316,-111.918,22975.6,,48.7182,,0.555495,-27.11,18981.5,20656.7,20700.6,20104.1,23669.3,21081.3,0.8033358454704285,0.0423370040953159,0.0040302379056811,0.0670369863510131,0.0002806712962962,0.0,1280,1080,c5ca4dba72717512,perceptual,21216,seg_0050,820:-1995,train,https://raw.githubusercontent.com/ZShamsi987/canyonbench-data/main/frames/floating/img_019008.jpg,production
img_019068.jpg,frames/floating/img_019068.jpg,19068,Floating,17998.0,18868.0,36.8306,-111.921,22976.8,,108.982,,0.55535,-5.9,19448.4,19227.2,20324.5,19183.8,22943.2,19697.3,0.7806957364082336,0.0637166872620582,0.0050625777803361,0.0697360187768936,0.0005244502314814,0.0,1280,1080,d5ff535659920a28,perceptual,21216,seg_0050,819:-1995,train,https://raw.githubusercontent.com/ZShamsi987/canyonbench-data/main/frames/floating/img_019068.jpg,production
img_019128.jpg,frames/floating/img_019128.jpg,19128,Floating,18052.0,18928.0,36.8296,-111.923,22978.6,,157.925,,0.55535,-14.48,19788.1,18662.6,20954.4,18824.3,22075.4,18819.6,0.7467092871665955,0.0779446512460708,0.0061835050582885,0.088233932852745,0.0004513888888888,0.0,1280,1080,dbd56de90a542a1c,perceptual,21216,seg_0050,819:-1995,train,https://raw.githubusercontent.com/ZShamsi987/canyonbench-data/main/frames/floating/img_019128.jpg,production
img_019188.jpg,frames/floating/img_019188.jpg,19188,Floating,18105.0,18988.0,36.8287,-111.926,22971.9,,-173.989,,0.555785,-8.35,19699.3,18167.4,21562.6,18758.1,21595.6,18429.1,0.7408686876296997,0.0704227462410926,0.0066574830561876,0.0898959040641784,0.0003428819444444,0.0,1280,1080,dbcd2de20a744746,perceptual,21216,seg_0050,819:-1995,train,https://raw.githubusercontent.com/ZShamsi987/canyonbench-data/main/frames/floating/img_019188.jpg,production
img_019249.jpg,frames/floating/img_019249.jpg,19249,Floating,18160.0,19049.0,36.8277,-111.928,22949.6,,-170.971,,0.55738,-20.65,19674.1,18092.5,21575.1,18716.3,21659.3,18387.5,0.7416204810142517,0.0689292103052139,0.0066374815069139,0.0899574905633926,0.0003891782407407,0.0,1280,1080,dbcd2de60a6a054b,perceptual,21216,seg_0050,819:-1995,train,https://raw.githubusercontent.com/ZShamsi987/canyonbench-data/main/frames/floating/img_019249.jpg,production
img_019313.jpg,frames/floating/img_019313.jpg,19313,Floating,18217.0,19113.0,36.8268,-111.93,22934.4,,-167.783,,0.55854,-9.54,19640.5,18012.2,21666.6,18703.2,21616.0,18320.0,0.7420647740364075,0.0677388906478881,0.0066935340873897,0.0899088531732559,0.0003255208333333,0.0,1280,1080,dbcd25e51768058b,perceptual,21216,seg_0050,819:-1995,train,https://raw.githubusercontent.com/ZShamsi987/canyonbench-data/main/frames/floating/img_019313.jpg,production
img_019373.jpg,frames/floating/img_019373.jpg,19373,Floating,18270.0,19173.0,36.8261,-111.932,22936.2,,-142.414,,0.55854,-7.59,19390.8,17445.4,22264.1,18886.1,21238.9,17905.9,0.7495139837265015,0.0545996539294719,0.0056190020404756,0.0920054391026496,0.0001316550925925,0.0,1280,1080,f14c756565f61614,perceptual,21216,seg_0050,819:-1995,train,https://raw.githubusercontent.com/ZShamsi987/canyonbench-data/main/frames/floating/img_019373.jpg,production
img_019433.jpg,frames/floating/img_019433.jpg,19433,Floating,18323.0,19233.0,36.8255,-111.934,22952.5,,-115.966,,0.55709,-6.67,19001.9,17852.6,22558.6,19542.5,20915.4,17528.9,0.7583983540534973,0.0468825064599514,0.0050699864514172,0.0934082344174385,5.208333333333334e-05,0.0,1280,1080,f50d643b39a81537,perceptual,21216,seg_0050,819:-1995,train,https://raw.githubusercontent.com/ZShamsi987/canyonbench-data/main/frames/floating/img_019433.jpg,production
img_019493.jpg,frames/floating/img_019493.jpg,19493,Floating,18377.0,19293.0,36.8247,-111.936,22951.5,,-102.797,,0.557235,-3.83,18772.7,18409.5,22612.7,19963.1,20809.2,17575.1,0.7600975036621094,0.0489395484328269,0.0051152617670595,0.1002782732248306,8.680555555555556e-06,0.0,1280,1080,f51b442253ad4eab,perceptual,21216,seg_0050,819:-1995,train,https://raw.githubusercontent.com/ZShamsi987/canyonbench-data/main/frames/floating/img_019493.jpg,production
img_019553.jpg,frames/floating/img_019553.jpg,19553,Floating,18431.0,19353.0,36.824,-111.938,22934.8,,-95.1472,,0.55854,-4.93,18629.8,18777.1,22570.3,20191.2,20780.4,17661.7,0.7606895565986633,0.0529478341341018,0.0051452037878334,0.1068086996674537,2.170138888888889e-06,0.0,1280,1080,d51b542353395657,perceptual,21216,seg_0051,819:-1995,train,https://raw.githubusercontent.com/ZShamsi987/canyonbench-data/main/frames/floating/img_019553.jpg,production
img_019613.jpg,frames/floating/img_019613.jpg,19613,Floating,18485.0,19413.0,36.8233,-111.94,22933.3,,-88.5816,,0.558685,-10.4,18509.8,19184.2,22563.6,20428.9,20805.0,17799.0,0.7605921030044556,0.0580148324370384,0.005591713823378,0.1129952892661094,7.957175925925925e-06,0.0,1280,1080,d59bd4647a7948a4,perceptual,21216,seg_0051,819:-1996,train,https://raw.githubusercontent.com/ZShamsi987/canyonbench-data/main/frames/floating/img_019613.jpg,production
img_019693.jpg,frames/floating/img_019693.jpg,19693,Floating,18557.0,19493.0,36.8224,-111.942,22944.7,,-79.0378,,0.557815,-15.06,18393.4,19906.2,22471.3,20743.2,20909.4,18046.5,0.7573567032814026,0.06975619494915,0.0060276640579104,0.1256276220083236,1.591435185185185e-05,0.0,1280,1080,d51bd06476bb582c,perceptual,21216,seg_0051,819:-1996,train,https://raw.githubusercontent.com/ZShamsi987/canyonbench-data/main/frames/floating/img_019693.jpg,production
img_019753.jpg,frames/floating/img_019753.jpg,19753,Floating,18610.0,19553.0,36.8219,-111.944,22947.3,,-67.8417,,0.55767,-17.33,18319.0,20677.6,22393.9,21044.4,21126.0,18343.6,0.7543436884880066,0.0780441910028457,0.0063104461878538,0.1381887197494506,2.025462962962963e-05,0.0,1280,1080,d51bcae552151a9d,perceptual,21216,seg_0051,819:-1996,train,https://raw.githubusercontent.com/ZShamsi987/canyonbench-data/main/frames/floating/img_019753.jpg,production
img_019813.jpg,frames/floating/img_019813.jpg,19813,Floating,18665.0,19613.0,36.8214,-111.945,22943.9,,-61.6575,,0.55767,-18.5,18332.2,21047.4,22339.8,21208.1,21197.3,18595.6,0.7544841170310974,0.0813125744462013,0.0067396941594779,0.1432436406612396,2.821180555555555e-05,0.0,1280,1080,d51acac56a53191f,perceptual,21216,seg_0051,819:-1996,train,https://raw.githubusercontent.com/ZShamsi987/canyonbench-data/main/frames/floating/img_019813.jpg,production
img_019939.jpg,frames/floating/img_019939.jpg,19939,Floating,18777.0,19739.0,36.8204,-111.949,22942.0,,-74.3345,,0.558105,-31.98,18319.0,20903.3,22413.9,21182.0,21251.7,18514.6,0.7535275816917419,0.0826607495546341,0.0066844043321907,0.1442824602127075,1.4467592592592591e-05,0.0,1280,1080,d50bcae562511bba,perceptual,21216,seg_0051,819:-1996,train,https://raw.githubusercontent.com/ZShamsi987/canyonbench-data/main/frames/floating/img_019939.jpg,calibration
img_020000.jpg,frames/floating/img_020000.jpg,20000,Floating,18832.0,19800.0,36.8199,-111.95,22951.2,,-84.055,,0.55738,-43.72,18309.4,20256.1,22470.4,20983.5,21064.8,18270.5,0.7528728246688843,0.0811304077506065,0.0062008793465793,0.1402511447668075,2.4594907407407408e-05,0.0,1280,1080,d51bcae552351a55,perceptual,21216,seg_0051,819:-1996,train,https://raw.githubusercontent.com/ZShamsi987/canyonbench-data/main/frames/floating/img_020000.jpg,production
img_020060.jpg,frames/floating/img_020060.jpg,20060,Floating,18887.0,19860.0,36.8194,-111.952,22948.0,,-94.412,,0.557235,-15.92,18361.0,19566.1,22566.1,20726.6,20917.1,18099.4,0.7551925182342529,0.0768100619316101,0.0061498046852648,0.1320735663175583,1.808449074074074e-05,0.0,1280,1080,d509d466733d48ae,perceptual,21216,seg_0051,819:-1996,train,https://raw.githubusercontent.com/ZShamsi987/canyonbench-data/main/frames/floating/img_020060.jpg,production
img_020121.jpg,frames/floating/img_020121.jpg,20121,Floating,18942.0,19921.0,36.8189,-111.954,22949.8,,-105.603,,0.55709,-12.92,18451.0,18920.1,22653.5,20414.9,20808.4,17956.5,0.7587599754333496,0.0684469416737556,0.0060642878524959,0.1219181790947914,1.4467592592592591e-05,0.0,1280,1080,d58956265b1c5da6,perceptual,21216,seg_0051,819:-1996,train,https://raw.githubusercontent.com/ZShamsi987/canyonbench-data/main/frames/floating/img_020121.jpg,production
img_020192.jpg,frames/floating/img_020192.jpg,20192,Floating,19007.0,19992.0,36.8185,-111.956,22966.1,,-115.412,,0.55593,-16.6,18544.6,18496.4,22721.7,20116.3,20761.7,17887.9,0.7611286640167236,0.0607738196849823,0.0055885468609631,0.1141218170523643,4.340277777777778e-06,0.0,1280,1080,d58942255b3d5ec6,perceptual,21216,seg_0052,819:-1996,train,https://raw.githubusercontent.com/ZShamsi987/canyonbench-data/main/frames/floating/img_020192.jpg,production
img_020252.jpg,frames/floating/img_020252.jpg,20252,Floating,19060.0,20052.0,36.8182,-111.958,22984.8,,-135.132,,0.554335,-26.54,18801.5,18024.3,22697.6,19510.3,20747.3,17757.3,0.7615323066711426,0.0507398247718811,0.0051021771505475,0.100473903119564,7.957175925925925e-06,0.0,1280,1080,d50a4663512d6baf,perceptual,21216,seg_0052,819:-1996,train,https://raw.githubusercontent.com/ZShamsi987/canyonbench-data/main/frames/floating/img_020252.jpg,production
img_020312.jpg,frames/floating/img_020312.jpg,20312,Floating,19115.0,20112.0,36.8179,-111.961,23006.0,,-160.517,,0.552595,-28.8,19218.0,17983.6,22435.5,18976.6,20934.1,17821.5,0.7582489252090454,0.0464458204805851,0.0050715338438749,0.0918323993682861,6.293402777777778e-05,0.0,1280,1080,f14c4db37c146475,perceptual,21216,seg_0052,819:-1996,train,https://raw.githubusercontent.com/ZShamsi987/canyonbench-data/main/frames/floating/img_020312.jpg,production
img_020372.jpg,frames/floating/img_020372.jpg,20372,Floating,19168.0,20172.0,36.8177,-111.964,23014.7,,169.506,,0.552015,-25.43,19480.9,18017.7,21575.9,18656.2,21319.6,18127.5,0.7498347759246826,0.0585760101675987,0.0055613964796066,0.0941701978445053,5.931712962962963e-05,0.0,1280,1080,db4a1d696db50c58,perceptual,21216,seg_0052,819:-1996,train,https://raw.githubusercontent.com/ZShamsi987/canyonbench-data/main/frames/floating/img_020372.jpg,production
img_020432.jpg,frames/floating/img_020432.jpg,20432,Floating,19223.0,20232.0,36.8174,-111.966,23020.0,,138.466,,0.551435,-15.64,19590.1,17973.7,20657.3,18476.0,21956.5,18592.3,0.7481926679611206,0.0712391957640647,0.0055850325152277,0.0907997041940689,0.0001598668981481,0.0,1280,1080,d4d609d389f246b3,perceptual,21216,seg_0052,819:-1996,train,https://raw.githubusercontent.com/ZShamsi987/canyonbench-data/main/frames/floating/img_020432.jpg,production
img_020492.jpg,frames/floating/img_020492.jpg,20492,Floating,19278.0,20292.0,36.8169,-111.969,23030.7,,104.056,,0.55042,-0.65,19441.2,18143.2,19997.5,18523.0,22682.5,19540.8,0.7703783512115479,0.0612663142383098,0.0045806397683918,0.0740007981657981,0.0001446759259259,0.0,1280,1080,d5e91aa52a552e72,perceptual,21216,seg_0052,819:-1996,train,https://raw.githubusercontent.com/ZShamsi987/canyonbench-data/main/frames/floating/img_020492.jpg,production
img_020552.jpg,frames/floating/img_020552.jpg,20552,Floating,19333.0,20352.0,36.8164,-111.972,23043.5,,71.3055,,0.549695,3.1,18886.7,19152.3,19744.5,18972.3,23306.7,20352.1,0.791972279548645,0.0486336536705493,0.0041519636288285,0.0640780255198478,0.0002712673611111,0.0,1280,1080,d5f15dc2154b05ae,perceptual,21216,seg_0052,819:-1996,train,https://raw.githubusercontent.com/ZShamsi987/canyonbench-data/main/frames/floating/img_020552.jpg,production
img_020612.jpg,frames/floating/img_020612.jpg,20612,Floating,19387.0,20412.0,36.8157,-111.975,23050.1,,43.9812,,0.54897,-1.39,18406.6,20201.1,19784.5,19672.3,23727.9,21101.5,0.799185037612915,0.0442847907543182,0.0041699046269059,0.0693207532167434,0.0004694733796296,0.0,1280,1080,c5ed72aa7e524642,perceptual,21216,seg_0052,819:-1996,train,https://raw.githubusercontent.com/ZShamsi987/canyonbench-data/main/frames/floating/img_020612.jpg,production
img_020672.jpg,frames/floating/img_020672.jpg,20672,Floating,19441.0,20472.0,36.815,-111.978,23033.8,,18.8279,,0.550275,-3.86,18078.9,21168.5,20059.9,20337.4,23822.1,21659.7,0.7924168109893799,0.0564610622823238,0.0047320919111371,0.0973271206021308,0.0006032986111111,0.0,1280,1080,c45e777764646a22,perceptual,21216,seg_0052,819:-1996,train,https://raw.githubusercontent.com/ZShamsi987/canyonbench-data/main/frames/floating/img_020672.jpg,production
img_020732.jpg,frames/floating/img_020732.jpg,20732,Floating,19496.0,20532.0,36.8142,-111.98,23015.3,,-7.04565,,0.55187,-16.1,17882.1,21905.8,20559.1,20919.9,23440.9,21457.1,0.7762770652770996,0.0743099525570869,0.0050342776812613,0.1326999962329864,0.0003190104166666,0.0,1280,1080,d14d6ae6a4362a5d,perceptual,21216,seg_0052,819:-1996,train,https://raw.githubusercontent.com/ZShamsi987/canyonbench-data/main/frames/floating/img_020732.jpg,production
img_020792.jpg,frames/floating/img_020792.jpg,20792,Floating,19550.0,20592.0,36.8134,-111.982,23016.3,,-28.7986,,0.552015,0.24,17807.6,22109.4,21174.0,21350.0,22878.7,20950.8,0.7588979601860046,0.0895926728844642,0.0055919308215379,0.1658102124929428,0.000234375,0.0,1280,1080,dd6a6de66234106b,perceptual,21216,seg_0053,819:-1997,test,https://raw.githubusercontent.com/ZShamsi987/canyonbench-data/main/frames/floating/img_020792.jpg,calibration
img_020852.jpg,frames/floating/img_020852.jpg,20852,Floating,19603.0,20652.0,36.8123,-111.985,23011.4,,-48.1105,,0.552015,-15.5,17787.2,21843.1,21708.2,21511.1,22398.1,20437.7,0.7378700375556946,0.1134197786450386,0.0059550125151872,0.1981957852840423,0.0002423321759259,0.0,1280,1080,da4d6466630b25ed,perceptual,21216,seg_0053,819:-1997,test,https://raw.githubusercontent.com/ZShamsi987/canyonbench-data/main/frames/floating/img_020852.jpg,production
img_020912.jpg,frames/floating/img_020912.jpg,20912,Floating,19657.0,20712.0,36.8112,-111.987,22993.0,,-68.3406,,0.55361,-27.69,17808.8,21341.3,22241.6,21344.8,22017.6,19752.4,0.7317091822624207,0.119935542345047,0.0070758811198174,0.2019233703613281,0.0001338252314814,0.0,1280,1080,d355edf215140673,perceptual,21216,seg_0053,819:-1997,test,https://raw.githubusercontent.com/ZShamsi987/canyonbench-data/main/frames/floating/img_020912.jpg,production
img_020972.jpg,frames/floating/img_020972.jpg,20972,Floating,19710.0,20772.0,36.8099,-111.99,23025.4,,-93.3809,,0.550855,-20.85,17896.5,20444.3,22606.9,20858.1,21629.6,19194.3,0.736674427986145,0.1111928075551986,0.0071569210849702,0.1782795786857605,4.267939814814815e-05,0.0,1280,1080,d3a6c357689a4f0a,perceptual,21216,seg_0053,819:-1997,test,https://raw.githubusercontent.com/ZShamsi987/canyonbench-data/main/frames/floating/img_020972.jpg,production
img_021032.jpg,frames/floating/img_021032.jpg,21032,Floating,19764.0,20832.0,36.8084,-111.992,23026.6,,-121.471,,0.551145,-13.87,18129.3,19993.1,22685.9,20372.3,21416.4,18952.3,0.7556540966033936,0.07951620221138,0.0065896091982722,0.1310223340988159,1.953125e-05,0.0,1280,1080,d5a64ab27caa46aa,perceptual,21216,seg_0053,819:-1997,test,https://raw.githubusercontent.com/ZShamsi987/canyonbench-data/main/frames/floating/img_021032.jpg,production
img_021092.jpg,frames/floating/img_021092.jpg,21092,Floating,19818.0,20892.0,36.8068,-111.995,23015.5,,-142.919,,0.551725,-12.61,18323.8,19926.0,22583.6,20075.4,21250.0,18775.7,0.7621832489967346,0.0611112415790557,0.0052410005591809,0.1073297262191772,1.3020833333333334e-05,0.0,1280,1080,d52a47216af46d39,perceptual,21216,seg_0053,819:-1997,test,https://raw.githubusercontent.com/ZShamsi987/canyonbench-data/main/frames/floating/img_021092.jpg,production
img_021152.jpg,frames/floating/img_021152.jpg,21152,Floating,19872.0,20952.0,36.8051,-111.998,23015.6,,-153.277,,0.551725,-11.47,18400.6,20033.8,22513.7,20017.9,21273.8,18762.2,0.7636521458625793,0.0548347346484661,0.0050804815255105,0.100975714623928,1.1574074074074072e-05,0.0,1280,1080,d52a46aa43ad7a35,perceptual,21216,seg_0053,819:-1997,test,https://raw.githubusercontent.com/ZShamsi987/canyonbench-data/main/frames/floating/img_021152.jpg,qualification
img_021228.jpg,frames/floating/img_021228.jpg,21228,Floating,19940.0,21028.0,36.8028,-112.001,23009.6,,-150.836,,0.552015,-12.2,18289.0,20271.6,22605.2,20136.3,21341.7,18973.7,0.7642220258712769,0.0582823939621448,0.0051277000457048,0.1031121611595153,1.953125e-05,0.0,1280,1080,d52a47aa43b5691b,perceptual,21216,seg_0053,819:-1997,test,https://raw.githubusercontent.com/ZShamsi987/canyonbench-data/main/frames/floating/img_021228.jpg,production
img_021288.jpg,frames/floating/img_021288.jpg,21288,Floating,19994.0,21088.0,36.8009,-112.004,23009.5,,-132.363,,0.552305,-11.84,18095.7,20567.6,22709.2,20465.4,21863.9,19366.4,0.7603217959403992,0.0745884850621223,0.0058799968101084,0.1227707937359809,4.1956018518518515e-05,0.0,1280,1080,d5a24b506dba699a,perceptual,21216,seg_0053,819:-1997,test,https://raw.githubusercontent.com/ZShamsi987/canyonbench-data/main/frames/floating/img_021288.jpg,production
img_021348.jpg,frames/floating/img_021348.jpg,21348,Floating,20048.0,21148.0,36.7991,-112.006,23034.4,,-113.736,,0.55013,-17.87,18020.1,20780.0,22568.6,20791.9,22176.4,19553.2,0.7444560527801514,0.1059556454420089,0.0068652089685201,0.1628317981958389,6.293402777777778e-05,0.0,1280,1080,d59745b97e3d6200,perceptual,21216,seg_0053,819:-1997,test,https://raw.githubusercontent.com/ZShamsi987/canyonbench-data/main/frames/floating/img_021348.jpg,production
img_021408.jpg,frames/floating/img_021408.jpg,21408,Floating,20102.0,21208.0,36.7972,-112.009,23035.1,,-110.385,,0.549695,-18.74,18101.7,20902.2,22544.5,20911.2,22324.2,19641.0,0.738978922367096,0.1151935160160064,0.0070795710198581,0.1760357916355133,9.98263888888889e-05,0.0,1280,1080,d59244bd7e556152,perceptual,21216,seg_0054,819:-1997,test,https://raw.githubusercontent.com/ZShamsi987/canyonbench-data/main/frames/floating/img_021408.jpg,production
img_021501.jpg,frames/floating/img_021501.jpg,21501,Floating,20186.0,21301.0,36.7941,-112.014,23035.1,,-110.334,,0.549695,-21.84,18269.8,20978.1,22591.1,20968.7,22502.5,19713.0,0.7371940016746521,0.1191579177975654,0.0071507939137518,0.1825693249702453,0.0001345486111111,0.0,1280,1080,d59244b55f556552,distance,21216,seg_0055,819:-1998,train,https://raw.githubusercontent.com/ZShamsi987/canyonbench-data/main/frames/floating/img_021501.jpg,production
img_021561.jpg,frames/floating/img_021561.jpg,21561,Floating,20241.0,21361.0,36.7921,-112.017,23036.9,,-106.86,,0.549405,-16.07,18424.6,20984.7,22640.2,21040.9,22618.0,19743.4,0.7337548136711121,0.1244862005114555,0.0073816240765154,0.1921770572662353,0.0001743344907407,0.0,1280,1080,d5b26ab50b567550,perceptual,21216,seg_0055,819:-1998,train,https://raw.githubusercontent.com/ZShamsi987/canyonbench-data/main/frames/floating/img_021561.jpg,calibration
img_021622.jpg,frames/floating/img_021622.jpg,21622,Floating,20297.0,21422.0,36.7898,-112.02,23035.9,,-105.043,,0.54984,-21.01,18619.0,20951.7,22666.0,21095.8,22714.8,19745.6,0.7311230301856995,0.1287238150835037,0.0080541027709841,0.1972320079803466,0.0002857349537037,0.0,1280,1080,ddb26a9529127457,perceptual,21216,seg_0055,819:-1998,train,https://raw.githubusercontent.com/ZShamsi987/canyonbench-data/main/frames/floating/img_021622.jpg,production
img_021682.jpg,frames/floating/img_021682.jpg,21682,Floating,20351.0,21482.0,36.7874,-112.023,23038.0,,-101.777,,0.54955,-19.44,18832.7,20877.9,22680.1,21155.9,22820.1,19700.6,0.7259368896484375,0.1344181299209594,0.0088093662634491,0.2106760442256927,0.0004282407407407,0.0,1280,1080,d5b96a1f258a7491,perceptual,21216,seg_0055,819:-1998,train,https://raw.githubusercontent.com/ZShamsi987/canyonbench-data/main/frames/floating/img_021682.jpg,production
img_021742.jpg,frames/floating/img_021742.jpg,21742,Floating,20406.0,21542.0,36.7849,-112.026,23043.6,,-95.3321,,0.548825,-20.07,19100.4,20771.2,22724.2,21215.9,22907.6,19607.2,0.7204128503799438,0.141038104891777,0.0081275468692183,0.2216715514659881,0.0004123263888888,0.0,1280,1080,d5b96b0a25896799,perceptual,21216,seg_0055,818:-1998,train,https://raw.githubusercontent.com/ZShamsi987/canyonbench-data/main/frames/floating/img_021742.jpg,production
img_021812.jpg,frames/floating/img_021812.jpg,21812,Floating,20470.0,21612.0,36.7819,-112.031,23058.2,,-79.5353,,0.54752,-14.77,19430.4,20654.5,22711.7,21317.8,22957.7,19395.7,0.7096397876739502,0.150777593255043,0.0083895605057477,0.2412105798721313,0.0005852141203703,0.0,1280,1080,d5b4690b248d679d,distance,21216,seg_0055,818:-1998,train,https://raw.githubusercontent.com/ZShamsi987/canyonbench-data/main/frames/floating/img_021812.jpg,production
img_021872.jpg,frames/floating/img_021872.jpg,21872,Floating,20526.0,21672.0,36.7793,-112.034,23095.3,,-69.355,,0.54462,-16.74,19717.3,20674.3,22638.5,21401.4,22944.1,19190.9,0.7002248167991638,0.1570725888013839,0.0081715304404497,0.2591879069805145,0.0007921006944444,0.0,1280,1080,c6f6654964dd226c,perceptual,21216,seg_0055,818:-1998,train,https://raw.githubusercontent.com/ZShamsi987/canyonbench-data/main/frames/floating/img_021872.jpg,production
img_021938.jpg,frames/floating/img_021938.jpg,21938,Floating,20586.0,21738.0,36.7762,-112.039,23127.2,,-64.9581,,0.54201,-20.53,19994.6,20434.4,22693.4,21402.3,22869.4,18872.5,0.6950482130050659,0.1596651375293731,0.008386761881411,0.2683132290840149,0.0009874131944444,0.0,1280,1080,c6726649665da26e,distance,21216,seg_0055,818:-1998,train,https://raw.githubusercontent.com/ZShamsi987/canyonbench-data/main/frames/floating/img_021938.jpg,production
img_021998.jpg,frames/floating/img_021998.jpg,21998,Floating,20641.0,21798.0,36.7735,-112.043,23160.0,,-70.2662,,0.5394,-25.61,20240.6,20074.6,22822.4,21353.5,22762.4,18613.6,0.6907350420951843,0.1619581282138824,0.0084843439981341,0.274735689163208,0.0011277488425925,0.0,1280,1080,c37266697655232d,perceptual,21216,seg_0055,818:-1999,train,https://raw.githubusercontent.com/ZShamsi987/canyonbench-data/main/frames/floating/img_021998.jpg,production
img_022058.jpg,frames/floating/img_022058.jpg,22058,Floating,20697.0,21858.0,36.7707,-112.047,23183.4,,-72.5735,,0.537515,-23.26,20466.3,19489.1,23012.1,21212.5,22613.8,18344.7,0.687569260597229,0.164521649479866,0.0088200606405735,0.2773237228393554,0.0013064236111111,0.0,1280,1080,c352656d7794236c,perceptual,21216,seg_0056,818:-1999,train,https://raw.githubusercontent.com/ZShamsi987/canyonbench-data/main/frames/floating/img_022058.jpg,production
img_022125.jpg,frames/floating/img_022125.jpg,22125,Floating,20759.0,21925.0,36.7675,-112.051,23189.0,,-76.4309,,0.53679,-31.71,20663.1,18939.9,23156.1,21089.7,22398.9,18112.9,0.6834539771080017,0.1663312315940857,0.0090155964717268,0.2834392488002777,0.0015827546296296,0.0,1280,1080,c31a646d739d274c,distance,21216,seg_0056,818:-1999,train,https://raw.githubusercontent.com/ZShamsi987/canyonbench-data/main/frames/floating/img_022125.jpg,production
img_022192.jpg,frames/floating/img_022192.jpg,22192,Floating,20821.0,21992.0,36.7643,-112.056,23196.4,,-78.4022,,0.53621,-22.1,20821.6,18300.5,23286.7,20869.4,22158.6,17884.5,0.6796780228614807,0.1680127829313278,0.0094613898545503,0.2881169617176056,0.0017317708333333,0.0,1280,1080,c31b642d338d374e,distance,21216,seg_0056,818:-1999,train,https://raw.githubusercontent.com/ZShamsi987/canyonbench-data/main/frames/floating/img_022192.jpg,production
img_022256.jpg,frames/floating/img_022256.jpg,22256,Floating,20879.0,22056.0,36.7611,-112.06,23188.2,,-82.3066,,0.53679,-19.56,20928.4,17594.0,23360.8,20568.2,21932.7,17697.7,0.6782653331756592,0.1687688678503036,0.009831003844738,0.2896832823753357,0.0018619791666666,0.0,1280,1080,d21b642db3a5338e,distance,21216,seg_0056,818:-1999,train,https://raw.githubusercontent.com/ZShamsi987/canyonbench-data/main/frames/floating/img_022256.jpg,qualification
img_022319.jpg,frames/floating/img_022319.jpg,22319,Floating,20938.0,22119.0,36.7579,-112.064,23168.1,,-81.2286,,0.538385,-17.7,20902.0,17096.6,23335.8,20381.9,21683.9,17515.4,0.6711111664772034,0.1702343672513961,0.0099821267649531,0.2999370396137237,0.0020196759259259,0.0,1280,1080,d11b6634b1b5338e,distance,21216,seg_0056,818:-1999,train,https://raw.githubusercontent.com/ZShamsi987/canyonbench-data/main/frames/floating/img_022319.jpg,production
img_022379.jpg,frames/floating/img_022379.jpg,22379,Floating,20994.0,22179.0,36.7548,-112.069,23159.2,,-89.2695,,0.538965,-15.97,20921.2,16376.8,23309.2,19861.2,21547.2,17427.6,0.6740655899047852,0.1690522134304046,0.0102658281102776,0.2926066219806671,0.0021867766203703,0.0,1280,1080,d09326adb3921ad7,distance+perceptual,21216,seg_0056,818:-2000,train,https://raw.githubusercontent.com/ZShamsi987/canyonbench-data/main/frames/floating/img_022379.jpg,production
img_022439.jpg,frames/floating/img_022439.jpg,22439,Floating,21050.0,22239.0,36.7517,-112.073,23159.8,,-103.725,,0.538965,-15.03,21042.4,15930.0,23138.6,19272.6,21573.5,17533.4,0.6864482164382935,0.1641922146081924,0.0107780424878001,0.2526236474514007,0.00275390625,0.0,1280,1080,d58425dd534d694d,perceptual,21216,seg_0056,818:-2000,train,https://raw.githubusercontent.com/ZShamsi987/canyonbench-data/main/frames/floating/img_022439.jpg,production
img_022501.jpg,frames/floating/img_022501.jpg,22501,Floating,21108.0,22301.0,36.7485,-112.077,23153.2,,-102.057,,0.5394,-15.03,20942.8,15634.0,22821.6,18958.3,21452.1,17530.0,0.6847200393676758,0.1645323187112808,0.0108208777382969,0.2525902986526489,0.0026179108796296,0.0,1280,1080,d58465d9534d5956,distance,21216,seg_0056,818:-2000,train,https://raw.githubusercontent.com/ZShamsi987/canyonbench-data/main/frames/floating/img_022501.jpg,calibration
img_022562.jpg,frames/floating/img_022562.jpg,22562,Floating,21165.0,22362.0,36.7453,-112.081,23150.9,,-99.9969,,0.539255,-14.67,20720.8,15400.7,22494.6,18713.7,21308.6,17474.9,0.6811823844909668,0.1646317541599273,0.0109476996585726,0.256472498178482,0.0022099247685185,0.0,1280,1080,d58465595b4f5856,distance,21216,seg_0056,818:-2000,train,https://raw.githubusercontent.com/ZShamsi987/canyonbench-data/main/frames/floating/img_022562.jpg,production
img_022622.jpg,frames/floating/img_022622.jpg,22622,Floating,21220.0,22422.0,36.7423,-112.085,23153.9,,-103.799,,0.539255,-14.38,20498.7,15288.4,22039.4,18489.1,21230.4,17454.7,0.6802432537078857,0.1638208776712417,0.0109571777284145,0.255768746137619,0.0017758969907407,0.0,1280,1080,d4856c4b724e5ab3,perceptual,21216,seg_0056,818:-2000,train,https://raw.githubusercontent.com/ZShamsi987/canyonbench-data/main/frames/floating/img_022622.jpg,production
img_022682.jpg,frames/floating/img_022682.jpg,22682,Floating,21277.0,22482.0,36.7393,-112.09,23154.7,,-107.719,,0.538965,-14.81,20241.8,15117.8,21625.0,18279.2,21124.3,17369.1,0.6795400381088257,0.1625627428293228,0.0110765062272548,0.2548221051692962,0.0017216435185185,0.0,1280,1080,d5954ecb30c4b6b1,distance+perceptual,21216,seg_0057,817:-2000,validation,https://raw.githubusercontent.com/ZShamsi987/canyonbench-data/main/frames/floating/img_022682.jpg,production
img_022742.jpg,frames/floating/img_022742.jpg,22742,Floating,21334.0,22542.0,36.7364,-112.094,23158.2,,-99.429,,0.53882,-14.57,19788.1,14595.1,21513.5,18146.0,20815.2,17131.7,0.6636649966239929,0.165721595287323,0.0116928974166512,0.2785359621047973,0.0017585358796296,0.0,1280,1080,d495764d59454e5a,perceptual,21216,seg_0057,817:-2001,validation,https://raw.githubusercontent.com/ZShamsi987/canyonbench-data/main/frames/floating/img_022742.jpg,production
img_022806.jpg,frames/floating/img_022806.jpg,22806,Floating,21393.0,22606.0,36.7334,-112.099,23167.3,,-99.7194,,0.538095,-14.33,19436.4,14283.6,21173.2,17942.3,20665.7,16998.9,0.6579107642173767,0.1656562834978103,0.0118601229041814,0.285672515630722,0.0014438657407407,0.0,1280,1080,d690764d59454bda,distance,21216,seg_0057,817:-2001,validation,https://raw.githubusercontent.com/ZShamsi987/canyonbench-data/main/frames/floating/img_022806.jpg,production
img_022872.jpg,frames/floating/img_022872.jpg,22872,Floating,21456.0,22672.0,36.7302,-112.103,23166.1,,-99.628,,0.537805,-15.06,19064.4,13972.2,20839.5,17749.0,20473.0,16852.7,0.6515795588493347,0.1654382497072219,0.0122432550415396,0.2940143644809723,0.0012094907407407,0.0,1280,1080,d790734d5d604b9a,distance,21216,seg_0057,817:-2001,validation,https://raw.githubusercontent.com/ZShamsi987/canyonbench-data/main/frames/floating/img_022872.jpg,production
img_022933.jpg,frames/floating/img_022933.jpg,22933,Floating,21512.0,22733.0,36.7272,-112.108,23148.0,,-97.5576,,0.5394,-14.66,18703.1,13590.3,20606.6,17638.4,20254.7,16700.8,0.6445705890655518,0.1648702025413513,0.0124391028657555,0.2951410710811615,0.0011429398148148,0.0,1280,1080,d79073444d644bdb,distance,21216,seg_0057,817:-2001,validation,https://raw.githubusercontent.com/ZShamsi987/canyonbench-data/main/frames/floating/img_022933.jpg,production
img_022993.jpg,frames/floating/img_022993.jpg,22993,Floating,21569.0,22793.0,36.7242,-112.112,23136.3,,-94.5847,,0.540125,-13.76,18264.9,12983.9,20646.5,17628.9,19949.9,16465.6,0.6280354857444763,0.1612894833087921,0.012953320518136,0.3193394541740417,0.0008557581018518,0.0,1280,1080,df9939c14f506661,perceptual,21216,seg_0057,817:-2001,validation,https://raw.githubusercontent.com/ZShamsi987/canyonbench-data/main/frames/floating/img_022993.jpg,production
img_023053.jpg,frames/floating/img_023053.jpg,23053,Floating,21626.0,22853.0,36.7214,-112.116,23139.4,,-90.106,,0.539835,-13.69,17861.6,12592.1,20550.8,17605.4,19724.0,16299.0,0.6167047619819641,0.1580751985311508,0.0130798676982522,0.3363640308380127,0.0005287905092592,0.0,1280,1080,dd9c38c16d597360,perceptual,21216,seg_0057,817:-2001,validation,https://raw.githubusercontent.com/ZShamsi987/canyonbench-data/main/frames/floating/img_023053.jpg,production
img_023119.jpg,frames/floating/img_023119.jpg,23119,Floating,21687.0,22919.0,36.7182,-112.121,23139.3,,-91.2096,,0.53969,-13.57,17496.8,12231.2,20280.4,17489.6,19569.4,16173.0,0.6115794777870178,0.1569230556488037,0.0133746424689888,0.3437119126319885,0.000455005787037,0.0,1280,1080,dd9c18e067597370,distance,21216,seg_0057,817:-2001,validation,https://raw.githubusercontent.com/ZShamsi987/canyonbench-data/main/frames/floating/img_023119.jpg,calibration
img_023190.jpg,frames/floating/img_023190.jpg,23190,Floating,21755.0,22990.0,36.715,-112.125,23128.8,,-93.292,,0.540415,-13.12,17098.3,11886.7,20000.0,17365.1,19422.5,16029.0,0.6068823933601379,0.1562594771385193,0.0136724030598998,0.3492790758609772,0.0004253472222222,0.0,1280,1080,dd9c1cf0655d7230,distance,21216,seg_0057,817:-2002,validation,https://raw.githubusercontent.com/ZShamsi987/canyonbench-data/main/frames/floating/img_023190.jpg,production
img_023254.jpg,frames/floating/img_023254.jpg,23254,Floating,21816.0,23054.0,36.712,-112.13,23122.1,,-93.8171,,0.540995,-13.87,16731.0,11556.5,19796.1,17237.9,19310.4,15903.0,0.6018421053886414,0.1552200764417648,0.0140934102237224,0.3572509586811065,0.0004463252314814,0.0,1280,1080,dd8c1cf0655d7330,distance,21216,seg_0057,817:-2002,validation,https://raw.githubusercontent.com/ZShamsi987/canyonbench-data/main/frames/floating/img_023254.jpg,production
img_023314.jpg,frames/floating/img_023314.jpg,23314,Floating,21873.0,23114.0,36.7092,-112.134,23119.9,,-100.883,,0.541285,-14.42,16481.3,11264.9,19512.4,17013.3,19251.8,15883.8,0.6029313802719116,0.1562025994062423,0.0142646115273237,0.355146199464798,0.0004557291666666,0.0,1280,1080,dc9d1870635b734c,perceptual,21216,seg_0058,817:-2002,validation,https://raw.githubusercontent.com/ZShamsi987/canyonbench-data/main/frames/floating/img_023314.jpg,qualification
img_023379.jpg,frames/floating/img_023379.jpg,23379,Floating,21935.0,23179.0,36.706,-112.138,23140.4,,-104.91,,0.53969,-15.48,16186.0,10951.3,19298.5,16814.8,19166.9,15789.3,0.5999208092689514,0.15653657913208,0.014455147087574,0.3594344854354858,0.0004463252314814,0.0,1280,1080,dcd91c70634b724e,distance,21216,seg_0058,817:-2002,validation,https://raw.githubusercontent.com/ZShamsi987/canyonbench-data/main/frames/floating/img_023379.jpg,production
img_023439.jpg,frames/floating/img_023439.jpg,23439,Floating,21992.0,23239.0,36.7031,-112.142,23173.8,,-111.414,,0.536935,-16.19,15935.2,10716.9,19017.3,16565.8,19117.7,15743.2,0.5990257263183594,0.1580515056848526,0.0145976254716515,0.3606501817703247,0.0004557291666666,0.0,1280,1080,dcd85f62636260ec,perceptual,21216,seg_0058,817:-2002,validation,https://raw.githubusercontent.com/ZShamsi987/canyonbench-data/main/frames/floating/img_023439.jpg,production
img_023500.jpg,frames/floating/img_023500.jpg,23500,Floating,22049.0,23300.0,36.7,-112.147,23198.9,,-114.866,,0.53476,-15.13,15570.3,10485.7,18773.5,16354.2,19019.2,15657.7,0.598645031452179,0.1575067043304443,0.0148943793028593,0.3424472510814667,0.0005078125,0.0,1280,1080,ddd84b62636224ee,distance,21216,seg_0058,817:-2002,validation,https://raw.githubusercontent.com/ZShamsi987/canyonbench-data/main/frames/floating/img_023500.jpg,production
img_023566.jpg,frames/floating/img_023566.jpg,23566,Floating,22113.0,23366.0,36.6968,-112.151,23206.5,,-117.217,,0.53389,-15.01,15085.4,10263.4,18458.1,16101.8,18874.8,15549.6,0.5949248671531677,0.155900776386261,0.0150934206321835,0.3477177917957306,0.0004173900462962,0.0,1280,1080,ddd84b6a616124e7,distance,21216,seg_0059,817:-2003,train,https://raw.githubusercontent.com/ZShamsi987/canyonbench-data/main/frames/floating/img_023566.jpg,production
img_023626.jpg,frames/floating/img_023626.jpg,23626,Floating,22171.0,23426.0,36.6939,-112.156,23204.2,,-124.172,,0.53389,-17.42,14623.2,10116.0,18031.3,15843.2,18789.9,15524.9,0.5941091179847717,0.1549877673387527,0.0152596198022365,0.3246702849864959,0.0004181134259259,0.0,1280,1080,dddc4b2b61e124c6,distance,21216,seg_0059,816:-2003,train,https://raw.githubusercontent.com/ZShamsi987/canyonbench-data/main/frames/floating/img_023626.jpg,production
img_023686.jpg,frames/floating/img_023686.jpg,23686,Floating,22228.0,23486.0,36.6911,-112.161,23210.9,,-128.618,,0.533745,-17.71,14141.9,9905.77,17820.7,15678.6,18564.9,15362.8,0.5862022638320923,0.1535991579294204,0.0154488570988178,0.3365262746810913,0.0002944155092592,0.0,1280,1080,dddc4a2b61e124c7,distance,21216,seg_0059,816:-2003,train,https://raw.githubusercontent.com/ZShamsi987/canyonbench-data/main/frames/floating/img_023686.jpg,production
img_023746.jpg,frames/floating/img_023746.jpg,23746,Floating,22286.0,23546.0,36.6884,-112.166,23220.2,,-137.769,,0.532875,-17.48,13627.0,9727.48,17685.1,15572.4,18238.8,15111.9,0.576227068901062,0.1512291431427002,0.0159449465572834,0.352306067943573,0.0002003761574074,0.0,1280,1080,ddce4a2b29693525,distance+perceptual,21216,seg_0059,816:-2003,train,https://raw.githubusercontent.com/ZShamsi987/canyonbench-data/main/frames/floating/img_023746.jpg,production
img_023809.jpg,frames/floating/img_023809.jpg,23809,Floating,22347.0,23609.0,36.6855,-112.171,23223.9,,-138.185,,0.53244,-17.15,13109.7,9599.82,17492.1,15474.0,17918.6,14884.6,0.5689334869384766,0.1495257169008255,0.0162372626364231,0.3638070225715637,0.0001707175925925,0.0,1280,1080,ddce4a2b29e8383c,distance,21216,seg_0059,816:-2003,train,https://raw.githubusercontent.com/ZShamsi987/canyonbench-data/main/frames/floating/img_023809.jpg,production
img_023869.jpg,frames/floating/img_023869.jpg,23869,Floating,22404.0,23669.0,36.6828,-112.175,23233.6,,-135.278,,0.53157,-16.03,12664.4,9505.18,17379.7,15427.0,17539.0,14625.8,0.5620227456092834,0.1480207592248916,0.0163849461823701,0.3658782839775085,0.0001294849537037,0.0,1280,1080,d5c74a482dec4d3c,perceptual,21216,seg_0059,816:-2003,train,https://raw.githubusercontent.com/ZShamsi987/canyonbench-data/main/frames/floating/img_023869.jpg,production
img_023929.jpg,frames/floating/img_023929.jpg,23929,Floating,22462.0,23729.0,36.6801,-112.18,23247.8,,-134.797,,0.530555,-16.16,12334.3,9403.93,17220.0,15367.8,17398.9,14469.4,0.5567190647125244,0.146298199892044,0.0166385993361473,0.3748595416545868,0.0001128472222222,0.0,1280,1080,d5c742492dec4d0f,distance,21216,seg_0060,816:-2004,test,https://raw.githubusercontent.com/ZShamsi987/canyonbench-data/main/frames/floating/img_023929.jpg,calibration
img_023991.jpg,frames/floating/img_023991.jpg,23991,Floating,22522.0,23791.0,36.6773,-112.185,23269.1,,-138.222,,0.528815,-16.96,12037.8,9286.18,17013.6,15238.9,17280.9,14421.0,0.5534757375717163,0.145695611834526,0.0170103963464498,0.3818581700325012,7.523148148148149e-05,0.0,1280,1080,d5c7424829ec6d1f,distance,21216,seg_0060,816:-2004,test,https://raw.githubusercontent.com/ZShamsi987/canyonbench-data/main/frames/floating/img_023991.jpg,production
img_024054.jpg,frames/floating/img_024054.jpg,24054,Floating,22583.0,23854.0,36.6743,-112.19,23297.2,,-135.091,,0.52635,-16.22,11651.3,9237.75,16983.7,15252.9,16981.1,14175.7,0.5452865362167358,0.1420962959527969,0.0173054449260234,0.3953707814216614,5.642361111111111e-05,0.0,1280,1080,d5c1c34809ef6d0f,distance,21216,seg_0060,816:-2004,test,https://raw.githubusercontent.com/ZShamsi987/canyonbench-data/main/frames/floating/img_024054.jpg,production
img_024114.jpg,frames/floating/img_024114.jpg,24114,Floating,22641.0,23914.0,36.6714,-112.194,23305.9,,-125.925,,0.52548,-14.9,11206.0,9254.26,17037.8,15349.5,16615.1,13896.7,0.5356411337852478,0.1360396742820739,0.0171173755079507,0.4100267291069031,4.340277777777778e-05,0.0,1280,1080,d6d0e16b0c7bd305,perceptual,21216,seg_0060,816:-2004,test,https://raw.githubusercontent.com/ZShamsi987/canyonbench-data/main/frames/floating/img_024114.jpg,production
img_024174.jpg,frames/floating/img_024174.jpg,24174,Floating,22700.0,23974.0,36.6684,-112.199,23299.6,,-119.56,,0.52577,-13.9,10908.3,9264.17,17031.9,15398.3,16402.0,13777.4,0.5291393399238586,0.1309380829334259,0.0170658696442842,0.4213334619998932,5.497685185185185e-05,0.0,1280,1080,dfdaf06b2c6c4980,distance+perceptual,21216,seg_0060,816:-2004,test,https://raw.githubusercontent.com/ZShamsi987/canyonbench-data/main/frames/floating/img_024174.jpg,production
img_024235.jpg,frames/floating/img_024235.jpg,24235,Floating,22758.0,24035.0,36.6653,-112.205,23296.0,,-116.26,,0.52606,-14.4,10663.5,9270.77,17028.6,15453.1,16222.0,13722.3,0.5231780409812927,0.1252860873937606,0.0169816855341196,0.4314436912536621,5.570023148148148e-05,0.0,1280,1080,df59f8d102672b41,distance+perceptual,21216,seg_0060,816:-2004,test,https://raw.githubusercontent.com/ZShamsi987/canyonbench-data/main/frames/floating/img_024235.jpg,production
img_024295.jpg,frames/floating/img_024295.jpg,24295,Floating,22817.0,24095.0,36.6622,-112.21,23301.4,,-116.638,,0.52577,-13.46,10550.6,9202.54,16972.0,15419.2,16193.1,13705.4,0.519559919834137,0.1223784685134887,0.0168567411601543,0.4370788037776947,5.208333333333334e-05,0.0,1280,1080,df59fad122672241,distance,21216,seg_0061,816:-2005,train,https://raw.githubusercontent.com/ZShamsi987/canyonbench-data/main/frames/floating/img_024295.jpg,production
img_024355.jpg,frames/floating/img_024355.jpg,24355,Floating,22876.0,24155.0,36.6591,-112.215,23314.3,,-120.932,,0.524465,-13.93,10502.6,9074.88,16889.6,15299.0,16160.0,13675.0,0.5189152956008911,0.1218525767326355,0.0168423075228929,0.4185871481895447,3.5445601851851854e-05,0.0,1280,1080,dd5dfad1222728c4,distance,21216,seg_0061,816:-2005,train,https://raw.githubusercontent.com/ZShamsi987/canyonbench-data/main/frames/floating/img_024355.jpg,production
img_024415.jpg,frames/floating/img_024415.jpg,24415,Floating,22935.0,24215.0,36.6559,-112.22,23328.4,,-125.261,,0.523305,-15.3,10427.0,8971.43,16792.3,15193.7,16146.4,13652.5,0.5163090229034424,0.1216631457209587,0.0168813075870275,0.4227353632450104,3.7615740740740744e-05,0.0,1280,1080,dd4dfaf5222524c4,distance,21216,seg_0061,816:-2005,train,https://raw.githubusercontent.com/ZShamsi987/canyonbench-data/main/frames/floating/img_024415.jpg,production
img_024475.jpg,frames/floating/img_024475.jpg,24475,Floating,22994.0,24275.0,36.6528,-112.225,23332.6,,-134.062,,0.523015,-17.18,10411.4,8815.16,16628.4,15021.3,16173.6,13689.6,0.5151456594467163,0.1239991560578346,0.0172228179872035,0.4245717227458954,3.689236111111111e-05,0.0,1280,1080,ddc1ffec23450cc0,distance+perceptual,21216,seg_0061,816:-2005,train,https://raw.githubusercontent.com/ZShamsi987/canyonbench-data/main/frames/floating/img_024475.jpg,production
img_024535.jpg,frames/floating/img_024535.jpg,24535,Floating,23053.0,24335.0,36.6496,-112.231,23325.1,,-149.213,,0.523305,-21.51,10448.6,8593.95,16295.5,14800.1,16318.8,13820.1,0.5170207619667053,0.1290949434041977,0.0181854851543903,0.422929972410202,3.833912037037037e-05,0.0,1280,1080,d5cbecec648d0e60,distance+perceptual,21216,seg_0062,815:-2005,validation,https://raw.githubusercontent.com/ZShamsi987/canyonbench-data/main/frames/floating/img_024535.jpg,production
img_024595.jpg,frames/floating/img_024595.jpg,24595,Floating,23111.0,24395.0,36.6464,-112.236,23322.1,,-169.212,,0.52345,-31.36,10484.6,8390.36,15825.4,14544.2,16514.1,14062.1,0.5267250537872314,0.1305045038461685,0.0185748804360628,0.4096952676773071,5.497685185185185e-05,0.0,1280,1080,d7cb69e9e14c2511,distance+perceptual,21216,seg_0062,815:-2005,validation,https://raw.githubusercontent.com/ZShamsi987/canyonbench-data/main/frames/floating/img_024595.jpg,production
img_024656.jpg,frames/floating/img_024656.jpg,24656,Floating,23171.0,24456.0,36.6433,-112.242,23332.7,,166.037,,0.523015,-43.91,10422.2,8385.95,15324.5,14382.2,16780.7,14405.3,0.5515432357788086,0.129506841301918,0.0187430791556835,0.3594211637973785,5.714699074074074e-05,0.0,1280,1080,deca0981e4a9bcbc,distance+perceptual,21216,seg_0063,815:-2006,train,https://raw.githubusercontent.com/ZShamsi987/canyonbench-data/main/frames/floating/img_024656.jpg,production
img_024716.jpg,frames/floating/img_024716.jpg,24716,Floating,23230.0,24516.0,36.6403,-112.248,23339.0,,149.599,,0.522435,-21.42,10382.6,8575.24,14966.7,14379.6,16968.4,14595.4,0.5835703015327454,0.1240047886967659,0.017828594893217,0.3110960721969604,4.774305555555556e-05,0.0,1280,1080,d2aa2a8a4fc16f8e,distance+perceptual,21216,seg_0063,815:-2006,train,https://raw.githubusercontent.com/ZShamsi987/canyonbench-data/main/frames/floating/img_024716.jpg,production
img_024776.jpg,frames/floating/img_024776.jpg,24776,Floating,23288.0,24576.0,36.6373,-112.253,23329.3,,138.499,,0.523015,-19.67,10339.4,8772.23,14791.1,14443.2,17167.1,14680.9,0.6013939380645752,0.1175195053219795,0.017257735133171,0.2870643138885498,6.293402777777778e-05,0.0,1280,1080,d1aa0b0d8da9adbc,distance+perceptual,21216,seg_0063,815:-2006,train,https://raw.githubusercontent.com/ZShamsi987/canyonbench-data/main/frames/floating/img_024776.jpg,calibration
img_024836.jpg,frames/floating/img_024836.jpg,24836,Floating,23347.0,24636.0,36.6342,-112.259,23321.8,,127.736,,0.523595,-28.29,10263.8,8904.3,14655.5,14514.6,17404.9,14789.0,0.6121529340744019,0.111882783472538,0.0169207286089658,0.2747597694396972,7.161458333333333e-05,0.0,1280,1080,f5a24a8b8fb5151c,distance+perceptual,21216,seg_0063,815:-2006,train,https://raw.githubusercontent.com/ZShamsi987/canyonbench-data/main/frames/floating/img_024836.jpg,production
img_024896.jpg,frames/floating/img_024896.jpg,24896,Floating,23406.0,24696.0,36.631,-112.265,23326.4,,124.479,,0.52316,-37.4,10226.5,8828.36,14653.8,14522.4,17488.1,14831.7,0.6099501252174377,0.10987239331007,0.0170279070734977,0.2798554003238678,7.884837962962963e-05,0.0,1280,1080,f4a25a9b8fb5111c,distance,21216,seg_0063,815:-2006,train,https://raw.githubusercontent.com/ZShamsi987/canyonbench-data/main/frames/floating/img_024896.jpg,production
img_024956.jpg,frames/floating/img_024956.jpg,24956,Floating,23464.0,24756.0,36.6277,-112.271,23333.3,,124.889,,0.52229,-21.98,10219.3,8695.2,14715.4,14494.5,17507.6,14811.5,0.6041383743286133,0.1095286756753921,0.0169560499489307,0.2893726229667663,9.25925925925926e-05,0.0,1280,1080,f4a25a9b8ab4b594,distance,21216,seg_0064,815:-2007,validation,https://raw.githubusercontent.com/ZShamsi987/canyonbench-data/main/frames/floating/img_024956.jpg,production
img_025016.jpg,frames/floating/img_025016.jpg,25016,Floating,23523.0,24816.0,36.6244,-112.277,23342.5,,128.291,,0.521275,-17.92,10237.4,8556.54,14782.8,14467.5,17514.4,14798.0,0.5979014039039612,0.1091154813766479,0.0169601701200008,0.3003073036670685,0.0001027199074074,0.0,1280,1080,f4a65a9b0aaea585,distance,21216,seg_0064,815:-2007,validation,https://raw.githubusercontent.com/ZShamsi987/canyonbench-data/main/frames/floating/img_025016.jpg,production
img_025076.jpg,frames/floating/img_025076.jpg,25076,Floating,23581.0,24876.0,36.6211,-112.283,23347.9,,132.826,,0.520985,-24.74,10249.4,8361.74,14889.3,14438.8,17446.5,14717.0,0.5889503955841064,0.1104146614670753,0.0169258080422878,0.3146412670612335,8.53587962962963e-05,0.0,1280,1080,f5a41a5b0a9aea87,distance+perceptual,21216,seg_0064,815:-2007,validation,https://raw.githubusercontent.com/ZShamsi987/canyonbench-data/main/frames/floating/img_025076.jpg,calibration
img_025136.jpg,frames/floating/img_025136.jpg,25136,Floating,23639.0,24936.0,36.6179,-112.289,23347.3,,136.445,,0.520985,-17.04,10269.8,8195.56,14978.3,14437.9,17393.0,14639.3,0.5803895592689514,0.1109790876507759,0.0171332117170095,0.328669399023056,8.246527777777778e-05,0.0,1280,1080,f5a42a174b9ae8e2,distance+perceptual,21216,seg_0065,815:-2007,validation,https://raw.githubusercontent.com/ZShamsi987/canyonbench-data/main/frames/floating/img_025136.jpg,production
img_025196.jpg,frames/floating/img_025196.jpg,25196,Floating,23697.0,24996.0,36.6147,-112.296,23343.3,,143.344,,0.52142,-15.59,10286.6,8067.9,15084.9,14474.5,17272.4,14458.2,0.566981852054596,0.113831415772438,0.0169973671436309,0.3515631258487701,3.1105324074074076e-05,0.0,1280,1080,f5a42e92271ef858,distance+perceptual,21216,seg_0065,815:-2007,validation,https://raw.githubusercontent.com/ZShamsi987/canyonbench-data/main/frames/floating/img_025196.jpg,production
img_025256.jpg,frames/floating/img_025256.jpg,25256,Floating,23755.0,25056.0,36.6114,-112.302,23348.1,,155.307,,0.52113,-21.42,10285.4,8018.38,15252.1,14494.5,17088.1,14192.6,0.5447674989700317,0.1144358366727829,0.0165508519858121,0.3862187266349792,4.340277777777778e-05,0.0,1280,1080,d5950d9282bb6aba,distance+perceptual,21216,seg_0065,815:-2007,validation,https://raw.githubusercontent.com/ZShamsi987/canyonbench-data/main/frames/floating/img_025256.jpg,production
img_025316.jpg,frames/floating/img_025316.jpg,25316,Floating,23812.0,25116.0,36.608,-112.308,23366.2,,161.03,,0.519535,-31.41,10304.6,8030.49,15332.8,14463.2,17061.8,14085.7,0.5352230072021484,0.1143650934100151,0.0162461679428815,0.4012453854084015,5.208333333333334e-05,0.0,1280,1080,d7920d0a82b3abf3,distance+perceptual,21216,seg_0066,815:-2008,train,https://raw.githubusercontent.com/ZShamsi987/canyonbench-data/main/frames/floating/img_025316.jpg,production
img_025376.jpg,frames/floating/img_025376.jpg,25376,Floating,23872.0,25177.0,36.6042,-112.314,23374.8,,149.118,,0.518665,-22.21,10307.0,8147.14,14955.9,14480.6,17548.4,14503.2,0.5598633885383606,0.111024372279644,0.0167034566402435,0.3679279685020447,3.689236111111111e-05,0.0,1280,1080,f5a52cbe056226f4,distance+perceptual,21216,seg_0066,814:-2008,train,https://raw.githubusercontent.com/ZShamsi987/canyonbench-data/main/frames/floating/img_025376.jpg,production
img_025436.jpg,frames/floating/img_025436.jpg,25436,Floating,23930.0,25237.0,36.6003,-112.32,23362.4,,122.781,,0.51968,-21.18,10389.8,8432.18,14572.3,14750.5,18427.3,15510.3,0.5885708928108215,0.1035263389348983,0.0166122894734144,0.3322912156581878,8.897569444444445e-05,0.0,1280,1080,ebeb553c04b22aa6,distance+perceptual,21216,seg_0066,814:-2008,train,https://raw.githubusercontent.com/ZShamsi987/canyonbench-data/main/frames/floating/img_025436.jpg,production
img_025496.jpg,frames/floating/img_025496.jpg,25496,Floating,23988.0,25297.0,36.5964,-112.325,23345.1,,108.955,,0.52142,-27.03,10309.4,8781.04,14434.2,15043.9,18892.6,16269.8,0.5956270098686218,0.1000899598002433,0.0154537484049797,0.3263897597789764,9.693287037037037e-05,0.0,1280,1080,cad831b953c45cd9,distance+perceptual,21216,seg_0066,814:-2008,train,https://raw.githubusercontent.com/ZShamsi987/canyonbench-data/main/frames/floating/img_025496.jpg,production
img_025556.jpg,frames/floating/img_025556.jpg,25556,Floating,24046.0,25357.0,36.5924,-112.331,23354.8,,100.615,,0.52055,-28.29,10303.4,9102.39,14412.5,15268.5,19097.3,16750.3,0.5984032154083252,0.101060040295124,0.0142769934609532,0.3248253166675567,9.476273148148148e-05,0.0,1280,1080,c0d73b7ccca81969,distance+perceptual,21216,seg_0066,814:-2008,train,https://raw.githubusercontent.com/ZShamsi987/canyonbench-data/main/frames/floating/img_025556.jpg,production
img_025616.jpg,frames/floating/img_025616.jpg,25616,Floating,24104.0,25417.0,36.5884,-112.337,23368.8,,107.407,,0.5191,-19.13,10327.4,9048.46,14449.1,15133.6,19043.8,16739.0,0.5960220694541931,0.1012103036046028,0.014090659096837,0.3284556567668915,0.0001121238425925,0.0,1280,1080,c0d73378d4891bcb,distance+perceptual,21216,seg_0067,814:-2009,validation,https://raw.githubusercontent.com/ZShamsi987/canyonbench-data/main/frames/floating/img_025616.jpg,production
img_025676.jpg,frames/floating/img_025676.jpg,25676,Floating,24161.0,25476.0,36.5847,-112.343,23368.2,,126.33,,0.519245,-25.72,10551.8,8771.13,14762.0,14763.6,18714.3,16187.6,0.5838857889175415,0.1029357314109802,0.0150999082252383,0.3451272547245025,8.174189814814814e-05,0.0,1280,1080,c2ca77b869a646e1,distance+perceptual,21216,seg_0067,814:-2009,validation,https://raw.githubusercontent.com/ZShamsi987/canyonbench-data/main/frames/floating/img_025676.jpg,production
